brand_name,price,rating,has_5G,has_nfc,has_ir_blaster,processor_brand,num_cores,processor_speed,ram_capacity,internal_memory,battery_capacity,fast_charging_available,fast_charging,refresh_rate,num_rear_cameras,num_front_cameras,rear_main_camera,front_main_camera,os,extended_memory_available,extended_upto,ppi
oneplus,54999,89,1,1,0,snapdragon,8,3.2,12,256,5000,1,100,120,3,1,50,16,android,0,0,525.92
oneplus,19989,81,1,0,0,snapdragon,8,2.2,6,128,5000,1,33,120,3,1,64,16,android,1,1024,401.02
samsung,16499,75,1,0,0,exynos,8,2.4,4,64,5000,1,15,90,3,1,50,13,android,1,1024,399.86
motorola,14999,81,1,0,0,snapdragon,8,2.2,6,128,5000,1,32,120,3,1,50,16,android,1,1024,401.8
realme,24999,82,1,0,0,dimensity,8,2.6,6,128,5000,1,67,120,3,1,108,16,android,0,0,394.44
samsung,16999,80,1,1,0,snapdragon,8,2.2,6,128,5000,1,25,120,3,1,50,8,android,1,1024,399.86
apple,65999,81,1,1,0,bionic,6,3.2,6,128,3279,1,0,60,2,1,12,12,ios,0,0,457.25
xiaomi,29999,86,1,0,1,dimensity,8,2.6,8,256,4980,1,120,120,3,1,200,16,android,0,0,394.57
others,26749,85,1,1,0,snapdragon,8,2.5,8,128,4500,1,33,120,2,1,50,16,android,0,0,401.8
oneplus,28999,84,1,1,0,dimensity,8,3.0,8,128,4500,1,80,90,3,1,50,32,android,0,0,409.3
realme,18999,82,1,0,0,snapdragon,8,2.2,6,128,5000,1,33,120,2,1,108,16,android,1,1024,391.64
oppo,18999,79,1,1,0,dimensity,8,2.2,8,128,5000,1,33,90,2,1,50,8,android,1,1024,269.13
xiaomi,24762,79,1,0,1,dimensity,8,2.6,6,128,5000,1,67,120,3,1,50,16,android,0,0,394.57
vivo,16990,80,1,0,0,snapdragon,8,2.2,6,128,5000,1,18,120,3,1,50,16,android,1,1024,401.08
samsung,114990,86,1,1,0,snapdragon,8,3.2,8,256,5000,1,45,120,4,1,200,12,android,0,0,501.07
apple,62999,79,1,1,0,bionic,6,3.2,4,128,3240,1,0,60,2,1,12,12,ios,0,0,457.25
vivo,9999,65,0,0,0,helio,8,2.3,3,32,5000,1,10,60,2,1,13,5,android,1,1024,269.51
oppo,45999,86,1,1,0,snapdragon,8,3.2,16,256,4700,1,80,120,3,1,50,32,android,0,0,394.44
oneplus,32999,86,1,1,0,dimensity,8,2.8,8,128,5000,1,80,120,3,1,50,16,android,0,0,394.44
vivo,14499,72,0,0,0,helio,8,2.0,4,64,5000,1,18,60,2,1,50,8,android,1,1024,269.54
oneplus,39999,85,1,1,0,snapdragon,8,3.2,8,128,5000,1,100,120,3,1,50,16,android,0,0,394.44
vivo,35999,85,1,0,0,dimensity,8,3.0,8,128,4830,1,66,120,3,1,64,32,android,0,0,397.86
poco,14999,80,1,0,1,snapdragon,8,2.2,6,64,5000,1,67,120,3,1,64,16,android,1,1024,394.57
xiaomi,17859,76,1,0,1,snapdragon,8,2.0,4,128,5000,1,33,120,3,1,48,13,android,1,1024,394.57
vivo,42990,87,1,1,0,dimensity,8,3.2,12,256,4800,1,100,120,3,1,64,32,android,0,0,392.81
samsung,31239,88,1,1,0,snapdragon,8,2.8,8,128,4500,1,26,120,3,1,12,32,android,1,256,404.89
oneplus,21995,84,1,0,0,snapdragon,8,2.2,8,128,5000,1,33,120,3,1,64,16,android,1,1024,401.02
apple,129990,76,1,1,0,bionic,6,2.7,6,128,4323,1,9,120,3,1,48,12,ios,0,0,459.59
vivo,27999,83,1,0,0,dimensity,8,2.0,8,128,4500,1,44,90,3,1,64,50,android,1,1024,409.8
oneplus,69999,85,1,1,0,snapdragon,8,3.2,8,128,4500,1,100,120,3,1,50,16,android,0,0,525.92
realme,19999,84,1,0,0,snapdragon,8,2.2,8,128,5000,1,33,120,2,1,108,16,android,1,1024,391.64
poco,20999,81,1,1,1,snapdragon,8,2.4,6,128,5000,1,67,120,3,1,108,16,android,0,0,394.57
vivo,27990,83,1,0,0,dimensity,8,2.2,8,256,4700,1,67,120,3,1,64,50,android,1,256,401.19
apple,38999,73,0,1,0,bionic,6,2.6,4,64,3110,0,0,60,2,1,12,12,ios,0,0,323.61
samsung,23790,85,1,0,0,dimensity,8,2.4,6,128,5000,1,25,120,4,1,108,32,android,1,1024,392.81
samsung,39999,87,1,1,0,exynos,8,2.9,8,128,4500,1,25,120,3,1,12,32,android,0,0,402.69
oppo,29990,87,1,1,0,snapdragon,8,2.2,8,256,5000,1,66,120,3,1,108,16,android,1,1024,394.57
samsung,91999,86,1,1,0,snapdragon,8,3.0,12,256,5000,1,45,120,4,1,108,40,android,0,0,500.0
xiaomi,32999,83,1,0,1,snapdragon,8,2.4,6,128,5200,1,210,120,4,1,108,32,android,1,512,402.79
oppo,28499,83,1,1,0,snapdragon,8,2.4,8,256,4500,1,67,120,2,1,64,32,android,0,0,394.44
oneplus,21999,83,1,1,0,snapdragon,8,2.2,6,128,5000,1,67,120,3,1,108,16,android,1,1024,394.44
xiaomi,19999,83,1,0,1,snapdragon,8,2.2,6,128,5000,1,67,120,3,1,108,16,android,1,1024,394.57
motorola,18999,87,1,1,0,dimensity,8,2.4,6,128,5000,1,30,90,3,1,108,32,android,1,1024,394.57
realme,27999,85,1,0,0,dimensity,8,2.6,8,256,5000,1,67,120,3,1,108,16,android,0,0,394.44
vivo,18499,80,0,0,0,snapdragon,8,2.4,8,128,5000,1,44,90,3,1,50,16,android,1,1024,401.08
samsung,17478,81,1,1,0,exynos,8,2.4,6,128,6000,1,25,120,4,1,50,8,android,1,1024,398.76
xiaomi,11936,76,0,0,1,snapdragon,8,2.4,4,64,5000,1,33,90,4,1,50,13,android,1,512,409.3
realme,8950,64,0,0,0,unisoc,8,1.8,3,32,5000,0,0,60,2,1,50,5,android,1,1024,269.93
vivo,12489,68,0,0,0,helio,8,2.3,4,64,5000,1,10,60,2,1,13,5,android,1,1024,269.51
samsung,42999,86,1,1,0,snapdragon,8,2.4,8,128,5000,1,33,120,4,1,108,32,android,1,1024,394.44
samsung,18999,79,1,0,0,exynos,8,2.4,6,128,5000,1,15,90,3,1,50,13,android,1,1024,399.86
iqoo,29999,82,1,1,1,dimensity,8,3.1,8,128,5000,1,120,120,3,1,64,16,android,0,0,388.17
others,11990,64,1,0,0,snapdragon,8,2.2,4,32,5000,1,18,90,1,1,13,8,android,1,512,269.93
motorola,18999,83,1,1,0,snapdragon,8,2.2,6,128,5000,1,30,120,3,1,50,16,android,1,1024,398.76
realme,13999,74,0,0,0,helio,8,2.2,4,64,5000,1,33,90,2,1,50,16,android,1,1024,411.22
realme,14965,75,1,0,0,dimensity,8,2.4,4,64,5000,1,18,90,3,1,50,8,android,1,1024,399.86
apple,74999,82,1,1,0,bionic,6,3.2,6,128,4325,1,20,60,2,1,12,12,ios,0,0,456.77
xiaomi,10999,78,0,0,1,helio,8,2.0,6,64,5000,1,33,60,4,1,64,13,android,1,512,409.3
samsung,84990,89,1,1,0,snapdragon,8,3.2,8,256,4700,1,45,120,3,1,50,12,android,0,0,390.49
motorola,10499,75,0,0,0,snapdragon,8,2.4,4,64,5000,1,33,90,3,1,50,16,android,1,1024,401.8
xiaomi,17990,78,1,1,1,dimensity,8,2.0,6,128,5000,1,67,120,3,1,108,16,android,0,0,402.79
vivo,29990,85,1,1,0,snapdragon,8,3.2,8,128,4600,1,66,120,3,1,64,50,android,0,0,388.17
samsung,18499,79,0,0,0,snapdragon,8,2.4,6,128,5000,1,25,60,4,1,50,8,android,1,1024,399.86
vivo,16499,75,0,0,0,helio,8,2.0,6,128,5000,1,18,60,2,1,50,8,android,1,1024,269.54
poco,14999,81,1,0,1,dimensity,8,2.4,6,128,5000,1,33,90,2,1,50,16,android,1,1024,398.76
vivo,35499,86,1,1,0,dimensity,8,3.1,8,256,4600,1,66,120,3,1,50,50,android,0,0,388.17
oneplus,60999,89,1,1,0,snapdragon,8,3.0,8,128,5000,1,80,120,3,1,50,32,android,0,0,525.92
xiaomi,32999,87,1,0,1,dimensity,8,2.6,12,256,4980,1,120,120,3,1,200,16,android,0,0,394.57
samsung,15999,78,1,1,0,snapdragon,8,2.2,4,128,5000,1,25,120,3,1,50,8,android,1,1024,399.86
oppo,99990,81,1,1,0,snapdragon,8,3.2,8,256,5000,1,67,120,2,1,64,0,android,0,0,369.91
oppo,9499,62,0,0,0,helio,8,2.3,3,64,5000,0,0,60,1,1,8,5,android,1,1024,269.13
vivo,27994,86,1,0,0,dimensity,8,2.5,12,256,4200,1,44,90,3,2,64,50,android,1,128,408.67
iqoo,13989,75,1,0,0,snapdragon,8,2.0,4,64,5000,1,18,120,2,1,50,8,android,1,1024,401.08
oneplus,44999,85,1,1,0,snapdragon,8,3.2,8,128,4800,1,150,120,3,1,50,16,android,0,0,394.44
xiaomi,13999,79,1,0,1,dimensity,8,2.2,6,128,5000,1,18,90,3,1,48,8,android,1,1024,404.89
others,6190,61,0,0,0,tiger,4,2.0,4,32,3500,0,0,60,2,1,13,5,others,1,256,280.28
apple,119900,83,1,1,0,bionic,6,3.2,6,128,3095,1,0,120,3,1,12,12,ios,0,0,457.25
oppo,27660,83,1,0,0,snapdragon,8,2.2,8,128,4800,1,67,120,3,1,64,32,android,1,1024,399.97
samsung,24999,75,1,1,0,exynos,8,2.4,6,128,5000,1,33,90,4,1,48,13,android,1,1024,404.89
xiaomi,8388,66,0,0,0,helio,8,2.0,4,64,5000,0,0,60,1,1,13,5,android,1,512,268.69
motorola,15999,83,0,1,0,helio,8,2.2,6,128,5000,1,33,120,3,1,108,16,android,1,512,401.8
samsung,20999,82,1,0,0,exynos,8,2.4,8,128,5000,1,15,90,3,1,50,13,android,1,1024,399.86
realme,13999,75,1,0,0,dimensity,8,2.4,4,64,5000,1,18,90,3,1,48,16,android,1,1024,404.89
vivo,19990,83,1,0,0,snapdragon,8,2.2,8,128,5000,1,18,120,3,1,50,16,android,1,1024,401.08
samsung,13999,75,1,0,0,dimensity,8,2.2,6,128,5000,1,15,90,2,1,50,5,android,1,1024,269.93
motorola,22999,83,1,1,0,snapdragon,8,2.5,6,128,4020,1,33,144,3,1,50,32,android,0,0,404.89
samsung,22999,79,1,0,0,snapdragon,8,2.2,6,128,5000,1,25,120,4,1,50,8,android,1,1024,399.86
oppo,16999,79,1,0,0,dimensity,8,2.4,8,128,5000,1,33,90,2,1,48,8,android,1,1024,269.13
xiaomi,14290,80,0,0,1,snapdragon,8,2.4,6,128,5000,1,33,90,4,1,50,13,android,1,512,409.3
samsung,41999,87,1,1,0,snapdragon,8,2.4,8,128,5000,1,25,120,4,1,108,32,android,1,1024,392.81
vivo,13489,69,0,0,0,helio,8,2.3,4,64,5000,1,18,60,2,1,13,8,android,1,1024,269.51
oneplus,22990,83,1,1,0,dimensity,8,2.8,8,128,5000,1,89,120,3,1,64,16,android,0,0,401.02
motorola,16499,84,1,0,0,snapdragon,8,2.2,8,128,5000,1,28,120,3,1,50,16,android,1,1024,401.8
vivo,73999,86,1,1,1,snapdragon,8,3.2,12,256,4700,1,80,120,4,1,50,32,android,0,0,517.56
realme,9999,67,0,0,0,unisoc,8,1.8,4,64,5000,0,0,60,2,1,50,5,android,1,1024,269.93
realme,12499,75,0,0,0,snapdragon,8,2.4,4,64,5000,1,33,90,3,1,50,16,android,1,1024,400.42
oppo,12499,72,0,0,0,helio,8,2.3,4,64,5000,1,14,60,2,1,50,5,android,1,1024,269.13
iqoo,59999,88,1,1,0,snapdragon,8,3.2,8,256,5000,1,120,144,3,1,50,16,android,0,0,517.56
vivo,106990,87,1,1,0,snapdragon,8,3.0,12,256,4600,1,66,120,4,1,50,16,android,0,0,359.57
vivo,15990,78,1,0,0,snapdragon,8,2.2,4,128,5000,1,18,120,3,1,50,16,android,1,1024,401.08
apple,119990,75,1,1,0,bionic,6,3.1,6,128,3200,1,0,120,3,1,48,12,ios,0,0,461.44
xiaomi,19999,83,1,0,1,snapdragon,8,2.4,6,128,5200,1,33,120,4,1,108,32,android,1,512,394.57
motorola,23990,83,1,0,0,snapdragon,8,2.9,8,128,4400,1,67,144,3,1,50,32,android,0,0,410.17
realme,12999,80,1,0,0,dimensity,8,2.4,8,128,5000,1,33,90,2,1,50,8,android,1,1024,399.86
oppo,19990,82,1,0,0,dimensity,8,2.4,8,128,4310,1,50,60,4,1,48,16,android,1,256,409.3
xiaomi,58990,87,1,1,1,snapdragon,8,3.2,8,128,4820,1,120,120,3,1,50,32,android,0,0,521.41
vivo,43999,87,1,0,0,dimensity,8,3.2,12,256,5000,1,120,144,3,1,108,32,android,0,0,391.06
samsung,49999,86,1,1,0,snapdragon,8,3.0,8,128,3700,1,25,120,3,1,50,10,android,0,0,422.49
vivo,15999,79,0,0,0,snapdragon,8,2.4,6,128,5000,1,44,60,3,1,50,16,android,1,1024,409.8
oneplus,36999,87,1,1,0,dimensity,8,2.8,12,256,5000,1,80,120,3,1,50,16,android,0,0,394.44
tecno,39999,85,1,1,0,dimensity,8,3.0,8,256,5160,1,45,120,3,1,64,32,android,0,0,387.03
apple,51999,74,1,1,0,bionic,6,3.1,4,64,3299,0,0,60,2,1,12,12,ios,0,0,457.25
xiaomi,22999,82,1,0,1,dimensity,8,2.8,6,128,5080,1,67,144,3,1,64,16,android,0,0,407.07
samsung,31999,87,1,1,0,exynos,8,2.4,6,128,5000,1,25,120,4,1,64,32,android,1,1024,404.89
xiaomi,6171,60,0,0,0,helio,4,2.0,2,32,5000,1,10,60,2,1,8,5,android,1,512,269.1
oppo,29340,83,1,1,0,dimensity,8,3.0,8,128,4500,1,80,90,3,1,50,32,android,0,0,409.3
samsung,25289,87,1,0,0,dimensity,8,2.4,8,128,5000,1,25,120,4,1,108,32,android,1,1024,392.81
iqoo,21788,78,1,0,0,snapdragon,8,2.4,6,128,4700,1,66,90,3,1,64,16,android,0,0,409.23
others,69999,83,1,1,0,others,8,2.9,16,512,5000,1,120,165,3,1,50,32,android,0,0,397.57
samsung,70990,88,1,1,0,snapdragon,8,3.2,8,128,3900,1,25,120,3,1,50,12,android,0,0,422.49
motorola,34999,89,1,1,0,snapdragon,8,3.0,8,128,4800,1,67,144,3,1,50,60,android,0,0,392.81
oneplus,33900,85,1,1,0,dimensity,8,3.0,12,256,4500,1,80,90,3,1,50,32,android,0,0,409.3
google,29999,71,1,1,0,tensor,8,3.1,6,128,4410,1,0,60,2,1,12,8,android,0,0,428.63
infinix,18999,84,1,0,0,dimensity,8,2.4,8,128,5000,1,33,60,3,1,108,16,android,1,1024,392.81
samsung,19499,84,1,1,0,exynos,8,2.4,8,128,6000,1,25,120,4,1,50,8,android,1,1024,398.76
vivo,24994,83,1,0,0,dimensity,8,2.5,8,128,4200,1,44,90,3,2,64,50,android,0,0,408.67
motorola,10999,78,0,1,0,snapdragon,8,2.4,4,64,5000,1,20,60,3,1,50,16,android,1,1024,406.77
oneplus,24999,85,1,0,0,snapdragon,8,2.2,8,256,5000,1,33,120,3,1,64,16,android,1,1024,401.02
samsung,25999,82,1,1,0,exynos,8,2.4,6,128,5000,1,25,90,4,1,48,13,android,1,1024,411.22
google,34990,69,1,1,0,tensor,8,3.1,6,128,4410,1,15,90,2,1,12,8,android,0,0,431.44
xiaomi,13466,74,1,0,1,dimensity,8,2.2,4,64,5000,1,18,90,2,1,50,5,android,1,512,401.08
xiaomi,9999,76,0,0,1,snapdragon,8,2.3,4,64,5020,1,18,60,4,1,48,16,android,1,512,394.57
motorola,7999,71,0,0,0,tiger,8,1.8,4,64,5000,0,0,90,3,1,48,8,android,1,1024,269.93
others,28249,86,1,1,0,snapdragon,8,2.5,8,256,4500,1,33,120,2,1,50,16,android,0,0,401.8
poco,16499,82,1,0,1,snapdragon,8,2.2,6,128,5000,1,67,120,3,1,64,16,android,1,1024,394.57
xiaomi,22999,87,1,0,1,snapdragon,8,2.2,8,256,5000,1,67,120,3,1,108,16,android,1,1024,394.57
apple,46999,75,0,1,0,bionic,6,2.6,4,128,3110,0,0,60,2,1,12,12,ios,0,0,323.61
realme,13999,74,0,0,0,tiger,8,1.8,6,128,5000,1,18,90,3,1,50,8,android,1,1024,399.86
oppo,13490,78,0,0,0,snapdragon,8,2.4,6,128,5000,1,33,90,3,1,50,16,android,1,1024,401.02
iqoo,28999,82,1,0,1,snapdragon,8,3.2,8,128,4700,1,80,120,3,1,64,16,android,0,0,397.55
iqoo,15499,78,1,0,0,snapdragon,8,2.2,4,128,5000,1,18,120,3,1,50,16,android,1,1024,401.08
oppo,39999,86,1,1,0,dimensity,8,2.8,16,256,4500,1,67,120,2,1,50,32,android,0,0,394.44
poco,12999,76,1,0,1,dimensity,8,2.4,4,64,5000,1,33,90,2,1,50,16,android,1,1024,398.76
others,4499,69,0,0,0,others,4,1.4,2,64,2800,0,0,60,1,1,5,2,android,1,128,293.72
oneplus,14999,69,0,0,0,snapdragon,8,1.8,4,64,6000,1,18,60,3,1,13,8,android,1,0,263.52
samsung,8499,68,0,0,0,helio,8,2.3,4,64,5000,1,15,60,2,1,13,5,android,1,1024,269.93
iqoo,24990,83,1,1,0,snapdragon,8,3.2,8,128,4400,1,66,120,3,1,48,16,android,0,0,397.55
samsung,16999,84,1,1,0,exynos,8,2.4,6,128,6000,1,25,120,4,1,64,32,android,1,1024,404.89
xiaomi,9589,71,0,0,0,snapdragon,8,2.4,4,64,6000,1,18,60,2,1,50,5,android,1,512,261.87
apple,40999,74,1,1,0,bionic,6,3.1,4,64,3322,0,0,60,2,1,12,12,ios,0,0,477.26
xiaomi,19988,79,1,0,1,snapdragon,8,2.0,6,128,5000,1,33,120,3,1,48,13,android,1,1024,394.57
motorola,11999,75,0,1,0,snapdragon,8,2.4,4,64,5000,1,33,90,3,1,50,16,android,1,1024,407.07
apple,142990,79,1,1,0,bionic,6,3.2,8,256,4352,1,25,120,3,1,50,12,ios,0,0,458.14
oppo,30990,87,1,1,0,snapdragon,8,3.0,8,128,5000,1,67,120,2,1,108,16,android,1,1024,394.44
infinix,19499,85,1,0,0,dimensity,8,2.6,8,256,5000,1,33,120,3,1,50,16,android,1,256,396.26
realme,5299,61,0,0,0,tiger,8,1.8,2,32,5000,0,0,60,1,1,8,5,android,1,1024,269.93
oppo,25969,82,1,0,0,snapdragon,8,2.2,8,128,4500,1,33,60,3,1,64,16,android,1,1024,409.3
realme,28999,82,1,0,0,snapdragon,8,3.0,6,128,5000,1,65,120,3,1,64,32,android,1,256,411.22
oppo,94990,87,1,1,0,snapdragon,8,3.2,12,256,4520,1,67,120,3,2,50,32,others,0,0,369.91
realme,14999,81,0,0,0,snapdragon,8,2.4,6,128,5000,1,33,90,3,1,108,16,android,1,256,411.22
others,14999,74,0,0,0,helio,8,2.2,4,64,5000,1,33,90,2,1,50,16,android,1,1024,411.22
apple,129900,84,1,1,0,bionic,6,3.2,6,128,4352,1,55,120,3,1,12,12,ios,0,0,456.77
oppo,58990,88,1,1,0,snapdragon,8,3.2,12,256,4700,1,80,120,4,1,64,32,android,0,0,392.68
vivo,41990,88,1,1,1,dimensity,8,3.0,8,128,4810,1,120,120,3,1,50,32,android,0,0,452.87
samsung,10999,74,0,1,0,exynos,8,2.0,4,64,6000,1,15,60,3,1,50,8,android,1,1024,399.86
xiaomi,11999,79,0,0,1,helio,8,2.0,6,128,5000,1,33,60,4,1,64,13,android,1,512,409.3
realme,16999,79,0,0,0,helio,8,2.2,8,128,5000,1,33,90,2,1,50,16,android,1,1024,411.22
iqoo,30990,83,1,1,0,snapdragon,8,2.8,8,128,4500,1,66,120,3,1,48,16,android,0,0,397.55
infinix,17999,75,1,0,0,dimensity,8,2.4,4,64,5000,1,18,120,2,1,50,8,android,1,1024,399.86
others,5499,65,0,0,0,tiger,4,2.0,4,32,4000,0,0,60,2,1,8,5,android,0,0,262.71
xiaomi,20499,83,1,0,1,snapdragon,8,2.4,6,128,5200,1,67,120,4,1,108,32,android,1,512,402.79
realme,20490,81,1,0,0,dimensity,8,2.5,6,128,5000,1,33,90,3,1,48,16,android,1,256,411.22
oppo,15490,77,1,0,0,snapdragon,8,2.0,6,128,5000,1,18,90,3,1,48,8,android,1,1024,404.89
apple,29990,61,0,1,0,bionic,6,2.6,3,64,2050,1,0,60,1,1,12,7,ios,0,0,325.61
iqoo,15499,79,1,0,0,snapdragon,8,2.0,6,128,5000,1,18,120,2,1,50,8,android,1,1024,401.08
xiaomi,11999,80,0,0,1,helio,8,2.0,6,64,5000,1,33,60,4,1,64,13,android,1,512,409.3
realme,10999,74,0,0,0,helio,8,2.0,4,64,5000,1,33,120,3,1,50,16,android,1,256,400.42
vivo,21990,82,1,0,0,dimensity,8,2.2,8,128,5000,1,18,60,3,1,50,16,android,1,512,401.08
vivo,31999,85,1,0,0,dimensity,8,2.0,12,256,4500,1,44,90,3,1,64,50,android,1,1024,409.8
poco,11999,77,0,0,1,helio,8,2.0,6,64,5000,1,33,90,3,1,64,16,android,1,1024,409.3
infinix,36999,89,1,0,0,dimensity,8,2.5,8,256,4500,1,180,120,3,1,200,32,android,1,256,387.03
tecno,6999,62,0,0,0,helio,4,2.0,3,32,5000,1,10,60,2,1,13,5,android,1,256,267.46
motorola,39999,89,1,1,0,snapdragon,8,3.2,8,128,4600,1,125,165,3,1,50,60,android,0,0,392.81
samsung,14999,78,1,1,0,snapdragon,8,2.2,4,128,5000,1,25,120,3,1,50,8,android,1,1024,399.86
realme,14499,79,1,0,0,dimensity,8,2.2,8,128,5000,1,33,90,3,1,50,8,android,1,1024,399.86
oneplus,27999,84,1,1,0,dimensity,8,3.1,8,128,4200,1,120,90,3,1,50,32,android,0,0,409.3
motorola,20499,86,1,1,0,snapdragon,8,2.2,8,128,5000,1,30,120,3,1,50,16,android,1,1024,398.76
others,8099,60,0,0,0,others,4,1.6,4,64,5000,0,0,60,1,1,13,8,android,1,128,269.93
others,10999,65,0,0,0,tiger,4,1.8,8,128,5000,1,10,60,2,1,13,5,android,0,0,269.93
realme,3499,63,0,0,0,helio,8,2.0,3,32,4000,0,0,60,2,1,13,5,android,1,128,281.66
others,9990,69,0,0,0,helio,8,2.0,4,64,2150,0,0,60,1,1,8,2,android,1,0,325.93
samsung,34999,85,1,0,0,snapdragon,8,2.8,6,128,6000,1,25,90,3,1,64,32,android,1,1024,396.21
others,46999,83,1,0,0,snapdragon,8,3.0,12,256,6000,1,65,120,1,1,200,32,android,1,256,506.21
motorola,39999,88,1,1,0,snapdragon,8,2.9,8,128,4400,1,67,144,3,1,50,32,android,0,0,401.8
realme,11828,70,0,0,0,tiger,8,1.8,4,64,5000,1,18,60,3,1,50,8,android,1,1024,399.86
oppo,45999,86,1,1,0,dimensity,8,2.8,12,256,4500,1,80,120,3,1,50,32,android,0,0,394.44
oneplus,18999,81,1,0,0,snapdragon,8,2.2,6,128,5000,1,33,120,3,1,50,16,android,1,1024,401.02
poco,17999,84,1,0,1,snapdragon,8,2.2,8,128,5000,1,67,120,3,1,64,16,android,1,1024,394.57
samsung,8499,66,0,0,0,helio,8,2.3,4,64,5000,1,15,60,2,1,13,5,android,1,1024,269.93
oppo,17999,76,0,0,0,snapdragon,8,2.4,8,128,5000,1,33,90,2,1,50,8,android,1,1024,267.46
samsung,14450,75,0,0,0,exynos,8,2.0,4,64,5000,1,25,60,4,1,50,8,android,1,1024,399.86
motorola,54999,87,1,1,0,snapdragon,8,3.2,8,128,4610,1,125,144,3,1,200,60,android,0,0,394.57
xiaomi,71999,87,1,1,1,snapdragon,8,3.2,12,256,5000,1,120,120,4,1,108,32,android,0,0,531.68
motorola,12999,79,0,1,0,snapdragon,8,2.4,6,128,5000,1,33,90,3,1,50,16,android,1,1024,407.07
poco,11499,75,1,0,1,dimensity,8,2.2,4,64,5000,1,18,90,2,1,50,8,android,1,512,399.97
others,35999,87,1,1,0,snapdragon,8,2.5,12,256,4500,1,33,120,2,1,50,16,android,0,0,401.8
samsung,34999,76,1,1,0,exynos,8,2.2,6,128,5000,1,25,120,3,1,50,32,android,1,1024,411.22
tecno,11999,73,0,0,0,helio,8,2.2,8,128,6000,1,18,90,2,1,50,8,android,1,512,257.26
xiaomi,27994,82,1,0,1,dimensity,8,2.6,8,256,5000,1,67,120,3,1,50,16,android,0,0,394.57
apple,139990,77,1,1,0,bionic,6,3.1,6,256,4323,1,64,120,3,1,48,12,ios,0,0,459.59
vivo,39999,86,1,0,0,dimensity,8,3.0,12,256,4830,1,66,120,3,1,64,32,android,0,0,397.86
realme,15499,79,1,0,0,dimensity,8,2.4,6,128,5000,1,18,90,3,1,48,16,android,1,1024,404.89
realme,18999,80,1,0,0,snapdragon,8,2.2,6,128,5000,1,33,120,3,1,64,16,android,1,256,400.42
others,10999,73,1,0,0,dimensity,8,2.2,4,128,5000,0,0,90,3,1,50,8,android,1,1024,269.93
others,27999,81,1,1,1,snapdragon,8,2.2,8,256,5100,1,40,120,3,1,64,16,android,0,0,394.57
google,81999,85,1,1,0,tensor,8,2.8,12,128,5000,1,30,120,3,1,50,11,android,0,0,512.88
tecno,9999,74,0,0,0,helio,8,2.0,4,64,7000,1,33,90,3,1,50,8,android,1,256,386.57
vivo,31994,85,1,0,0,dimensity,8,3.0,8,128,4300,1,44,90,3,2,108,50,android,0,0,397.86
samsung,9299,65,0,0,0,helio,8,2.3,3,32,5000,0,0,60,2,1,13,5,android,1,1024,269.93
xiaomi,29990,84,1,1,1,snapdragon,8,3.2,8,128,5500,1,67,120,3,1,64,16,android,0,0,526.1
realme,25900,78,1,0,0,dimensity,8,2.5,6,128,4500,1,60,90,3,1,50,16,android,0,0,411.22
realme,16999,78,1,0,0,dimensity,8,2.4,6,128,5000,1,18,90,3,1,50,8,android,1,1024,399.86
motorola,24999,85,1,1,0,snapdragon,8,2.5,8,128,4020,1,33,144,3,1,50,32,android,0,0,404.89
xiaomi,12188,79,0,0,1,snapdragon,8,2.4,6,64,5000,1,33,90,4,1,50,13,android,1,512,409.3
vivo,8999,61,0,0,0,helio,8,2.3,3,32,5000,1,10,60,1,1,8,5,android,1,1024,269.51
poco,7499,68,0,0,0,helio,8,2.3,4,64,5000,0,0,60,3,1,13,5,android,1,512,268.69
realme,17999,79,1,0,0,dimensity,8,2.4,6,128,5000,1,33,90,3,1,48,16,android,1,1024,398.76
realme,24999,79,1,0,0,snapdragon,8,3.2,6,128,5000,1,80,120,3,1,64,16,android,0,0,397.55
oppo,45999,86,1,1,0,dimensity,8,2.8,12,256,4500,1,80,120,3,1,50,32,android,0,0,394.44
oneplus,65499,88,1,1,0,snapdragon,8,3.0,12,256,5000,1,80,120,3,1,50,32,android,0,0,525.92
iqoo,58990,89,1,1,1,snapdragon,8,3.2,8,256,4700,1,200,144,3,1,50,16,android,0,0,517.56
vivo,11999,74,0,0,0,snapdragon,8,2.4,4,64,5000,1,18,90,2,1,50,8,android,1,512,401.08
xiaomi,11999,77,0,0,1,snapdragon,8,2.4,8,128,6000,1,18,60,2,1,50,5,android,1,512,268.69
oppo,18990,76,1,0,0,dimensity,8,2.2,6,128,5000,1,33,90,2,1,50,8,android,1,1024,269.13
vivo,14499,77,0,0,0,snapdragon,8,2.4,4,128,5000,1,44,60,3,1,50,16,android,1,1024,409.8
xiaomi,106990,85,1,1,1,snapdragon,8,3.2,12,256,4500,1,67,120,3,1,50,20,android,0,0,359.85
vivo,10499,66,0,0,0,helio,8,2.3,3,64,5000,1,10,60,2,1,13,5,android,1,1024,269.51
oppo,26990,86,1,1,0,snapdragon,8,2.2,8,256,4500,1,33,60,3,1,64,16,android,1,1024,409.3
vivo,19990,82,0,0,0,helio,8,2.0,8,128,4050,1,44,60,3,1,50,44,android,1,1024,408.67
xiaomi,24999,89,1,1,1,dimensity,8,2.6,8,256,4300,1,120,120,3,1,200,16,android,1,512,394.57
oppo,13969,69,0,0,0,helio,8,2.3,4,64,5000,1,33,60,2,1,13,8,android,1,512,269.13
samsung,44999,83,1,1,0,snapdragon,8,2.2,8,128,5000,1,67,120,4,1,108,32,android,1,1024,394.44
vivo,24999,84,1,0,0,snapdragon,8,2.4,8,128,4700,1,66,90,3,1,64,16,android,1,1024,409.23
google,53100,86,1,1,0,tensor,8,2.8,8,128,4355,1,30,90,2,1,50,11,android,0,0,417.75
xiaomi,16999,81,1,0,1,dimensity,8,2.4,6,128,5000,1,33,90,2,1,50,16,android,1,1024,398.76
oppo,21899,82,0,0,0,snapdragon,8,2.4,8,128,4500,1,33,90,3,1,64,32,android,1,512,409.3
apple,75999,82,1,1,0,bionic,6,3.2,6,256,3279,1,0,60,2,1,12,12,ios,0,0,457.25
motorola,25999,85,1,1,0,dimensity,8,2.2,8,256,5000,1,30,120,2,1,50,16,android,1,256,404.89
others,46990,84,1,1,0,snapdragon,8,3.2,8,128,6000,1,80,120,3,1,50,16,android,0,0,399.93
motorola,9999,75,0,0,0,helio,8,2.0,4,64,5000,1,20,60,3,1,50,13,android,1,1024,406.77
tecno,49999,89,1,1,0,dimensity,8,3.0,12,256,5160,1,45,120,3,1,50,32,android,0,0,387.03
infinix,17999,87,0,1,0,helio,8,2.2,8,128,4500,1,45,90,3,1,108,60,android,1,1024,392.81
iqoo,16940,80,1,0,0,snapdragon,8,2.2,6,128,5000,1,18,120,3,1,50,16,android,1,1024,401.08
xiaomi,17990,81,1,0,1,snapdragon,8,2.2,6,64,5000,1,67,120,3,1,108,16,android,1,512,394.57
oppo,20990,84,1,1,0,snapdragon,8,2.2,8,128,4800,1,67,120,2,1,108,16,android,1,1024,394.44
samsung,51999,79,1,1,0,exynos,8,2.6,8,128,4200,1,33,120,3,1,12,32,android,0,0,411.22
samsung,64449,87,1,1,0,snapdragon,8,3.0,8,128,4500,1,45,120,3,1,50,10,android,0,0,390.49
vivo,8990,71,1,0,0,snapdragon,8,2.0,6,64,5000,1,18,90,2,1,13,8,android,0,0,401.08
motorola,19999,77,0,1,0,helio,8,2.0,4,128,5000,1,30,90,3,1,50,16,android,1,512,269.93
poco,13499,79,1,0,1,dimensity,8,2.2,6,128,5000,1,18,90,2,1,50,8,android,1,512,399.97
tecno,15499,78,1,0,0,dimensity,8,2.4,8,128,6000,1,18,120,3,1,50,16,android,1,512,389.37
poco,6499,65,0,0,0,helio,8,2.3,3,32,5000,0,0,60,3,1,13,5,android,1,512,268.69
apple,71999,60,0,1,0,bionic,6,3.2,4,64,3060,1,0,60,2,1,12,7,ios,0,0,323.61
samsung,36499,89,1,1,0,exynos,8,2.4,8,256,5000,1,25,120,4,1,64,32,android,1,1024,404.89
infinix,15999,78,1,0,0,dimensity,8,2.4,6,64,5000,1,33,60,3,1,50,16,android,1,1024,392.81
oppo,31994,87,1,1,0,dimensity,8,3.0,12,256,4500,1,65,90,3,1,50,32,android,1,256,401.8
oneplus,34999,84,1,1,0,snapdragon,8,3.2,8,128,5000,1,100,120,3,1,50,16,android,0,0,394.44
others,18999,81,0,0,1,snapdragon,8,2.3,6,128,5000,1,67,120,4,1,108,16,android,1,1024,394.57
others,39990,88,1,1,0,snapdragon,8,3.2,8,128,4700,1,66,120,3,1,50,32,android,0,0,394.57
samsung,16499,82,0,0,0,helio,8,2.0,8,128,5000,1,15,90,4,1,64,20,android,1,1024,411.22
google,54300,89,1,1,0,tensor,8,2.8,12,128,5003,1,30,120,3,1,50,11,android,0,0,512.11
infinix,9999,73,0,0,0,helio,8,2.0,4,64,5000,1,33,60,3,1,50,8,android,1,512,392.81
xiaomi,15990,77,1,0,1,dimensity,8,2.2,6,128,5000,1,18,90,2,1,50,5,android,1,512,401.08
xiaomi,22700,86,1,0,1,snapdragon,8,2.2,8,128,5000,1,67,120,3,1,108,16,android,1,1024,394.57
xiaomi,50990,89,1,1,1,snapdragon,8,3.0,8,256,4600,1,120,120,3,1,50,32,android,0,0,521.41
apple,64900,79,1,1,0,bionic,6,3.2,4,128,2438,1,0,60,2,1,12,12,ios,0,0,477.26
tecno,13799,77,0,0,0,helio,8,2.0,6,128,7000,1,33,90,3,1,50,8,android,1,256,389.37
realme,8999,65,0,0,0,tiger,8,1.8,4,64,5000,0,0,60,3,1,13,5,android,1,1024,269.1
others,89999,88,1,1,0,snapdragon,8,3.2,16,512,6000,1,65,165,3,1,50,12,android,0,0,394.64
vivo,21994,84,1,0,0,dimensity,8,2.4,8,128,4050,1,44,60,3,1,50,44,android,1,1024,408.67
apple,69990,70,0,1,0,bionic,6,3.0,6,128,3500,1,0,60,2,1,12,12,ios,0,0,475.5
xiaomi,12999,75,1,0,1,dimensity,8,2.2,4,64,5000,1,18,90,3,1,48,8,android,1,1024,404.89
iqoo,24990,83,1,1,0,dimensity,8,3.1,8,128,5000,1,120,120,3,1,64,16,android,0,0,388.17
samsung,19990,82,0,0,0,snapdragon,8,2.4,8,128,5000,1,25,60,4,1,50,8,android,1,1024,399.86
xiaomi,26999,82,1,0,1,dimensity,8,2.6,8,128,5000,1,67,120,3,1,50,16,android,0,0,394.57
xiaomi,19999,81,1,1,1,snapdragon,8,2.4,8,128,5000,1,67,120,3,1,50,16,android,0,0,394.57
infinix,16900,83,0,0,0,helio,8,2.2,8,256,5000,1,33,60,3,1,108,16,android,1,1024,392.81
infinix,19999,78,1,0,0,dimensity,8,2.4,6,128,5000,1,18,120,2,1,50,8,android,1,1024,399.86
apple,182999,78,1,1,0,bionic,6,3.2,6,1024,4323,1,32,120,3,1,48,12,ios,0,0,459.59
samsung,12999,75,0,0,0,exynos,8,2.0,6,128,6000,1,15,60,3,1,50,8,android,1,1024,398.76
poco,15999,82,1,0,1,dimensity,8,2.4,8,128,5000,1,33,90,2,1,50,16,android,1,1024,398.76
xiaomi,13999,82,0,0,1,helio,8,2.0,8,128,5000,1,33,60,4,1,64,13,android,1,512,409.3
realme,7749,61,0,0,0,unisoc,8,1.6,4,64,5000,0,0,60,1,1,8,5,android,1,512,269.1
samsung,24999,81,1,0,0,snapdragon,8,2.2,8,128,5000,1,25,120,4,1,50,8,android,1,1024,399.86
motorola,59999,88,1,1,0,snapdragon,8,3.2,12,256,4610,1,125,144,3,1,200,60,android,0,0,394.57
oppo,25895,82,1,0,0,snapdragon,8,2.2,8,128,4500,1,33,60,3,1,64,16,android,1,512,409.3
xiaomi,46990,89,1,1,1,snapdragon,8,3.2,8,128,4500,1,67,120,3,1,50,32,android,0,0,413.81
xiaomi,7499,64,0,0,0,helio,8,2.0,3,32,5000,0,0,60,1,1,13,5,android,1,512,268.69
vivo,7790,60,0,0,0,helio,8,2.3,2,32,5000,1,10,60,1,1,8,5,android,1,1024,269.51
xiaomi,25999,85,1,0,1,dimensity,8,2.8,8,256,5080,1,67,144,3,1,64,16,android,0,0,407.07
realme,6299,60,0,0,0,tiger,8,1.8,3,32,5000,0,0,60,1,1,8,5,android,1,1024,269.93
motorola,12999,77,1,1,0,snapdragon,8,2.2,4,64,5000,0,0,120,3,1,50,13,android,1,512,387.03
xiaomi,11999,75,0,0,0,snapdragon,8,2.4,6,128,6000,1,18,60,2,1,50,5,android,1,512,261.87
xiaomi,21890,83,1,1,1,snapdragon,8,2.4,6,128,4250,1,33,90,3,1,64,20,android,1,512,401.8
samsung,69999,84,1,1,0,snapdragon,8,2.8,8,128,3300,1,15,120,2,1,12,10,others,0,0,425.73
apple,55999,75,1,1,0,bionic,6,3.1,4,128,3064,0,0,60,2,1,12,12,ios,0,0,457.25
oneplus,55999,87,1,1,0,snapdragon,8,3.2,16,256,4800,1,150,120,3,1,50,16,android,0,0,394.44
samsung,14999,75,0,0,0,exynos,8,2.0,4,128,5000,1,25,60,4,1,50,8,android,1,1024,399.86
oppo,25994,85,1,1,0,dimensity,8,2.0,8,256,4500,1,65,90,3,1,64,32,android,1,1024,409.3
oneplus,42999,85,1,1,0,snapdragon,8,2.8,8,128,4500,1,97,120,3,1,50,16,android,0,0,397.55
samsung,33499,89,1,1,0,exynos,8,2.4,8,128,5000,1,25,120,4,1,64,32,android,1,1024,404.89
samsung,118999,85,1,1,0,snapdragon,8,3.0,12,512,5000,1,45,120,4,1,108,40,android,0,0,500.0
motorola,16999,80,1,1,0,snapdragon,8,2.2,6,128,5000,1,33,60,3,1,50,16,android,0,0,411.22
others,6990,65,0,0,0,others,4,1.3,2,32,4000,0,0,60,3,1,8,8,android,1,32,265.84
vivo,29990,82,1,0,0,dimensity,8,2.4,8,128,5000,1,66,120,3,2,50,50,android,0,0,438.63
samsung,12944,71,1,0,0,dimensity,8,2.2,4,64,5000,1,15,90,2,1,50,5,android,1,1024,269.93
poco,29990,84,1,1,1,dimensity,8,3.2,8,128,5000,1,80,144,3,1,64,32,android,0,0,392.81
others,16999,80,1,1,0,snapdragon,8,2.2,8,128,4800,1,66,60,3,1,48,16,android,0,0,384.86
iqoo,64999,89,1,1,0,snapdragon,8,3.2,16,256,5000,1,120,144,3,1,50,16,android,0,0,517.56
samsung,154998,85,1,1,0,snapdragon,8,3.2,12,256,4400,1,25,120,3,2,50,10,android,0,0,372.59
others,109999,87,1,0,0,snapdragon,8,2.8,8,128,4450,0,0,60,3,1,64,32,others,1,256,307.69
apple,84999,83,1,1,0,bionic,6,3.2,6,256,4325,1,0,60,2,1,12,12,ios,0,0,456.77
samsung,27499,85,1,1,0,exynos,8,2.4,8,128,5000,1,25,90,4,1,48,13,android,1,1024,411.22
tecno,8999,69,0,0,0,helio,8,2.3,6,128,5000,0,0,90,2,1,13,8,android,1,256,265.84
google,40480,84,1,1,0,tensor,8,2.8,8,128,4614,1,30,90,2,1,50,8,android,0,0,411.22
xiaomi,17999,81,0,0,1,snapdragon,8,2.3,6,128,5020,1,33,120,4,1,64,16,android,1,512,394.57
samsung,105999,86,1,1,0,exynos,8,2.9,12,256,5000,1,25,120,4,1,108,40,android,0,0,516.04
infinix,8999,67,0,0,0,helio,8,2.3,4,64,6000,1,18,90,2,1,13,8,android,1,256,262.62
vivo,14999,77,0,0,0,snapdragon,8,2.4,6,128,5000,1,18,90,2,1,50,8,android,1,512,401.08
oppo,19990,82,1,0,0,snapdragon,8,2.2,8,128,4500,1,33,90,3,1,64,32,android,1,256,404.89
iqoo,23399,80,1,0,0,snapdragon,8,2.4,8,128,4700,1,66,90,3,1,64,16,android,0,0,409.23
samsung,41990,88,1,1,0,snapdragon,8,2.4,8,256,5000,1,25,120,4,1,108,32,android,1,1024,392.81
realme,22998,82,1,0,0,snapdragon,8,2.4,8,128,5000,1,30,144,3,1,48,16,android,1,1024,400.42
poco,25999,82,1,1,0,snapdragon,8,3.2,6,128,4500,1,67,120,3,1,64,20,android,0,0,394.57
infinix,11700,74,0,0,0,helio,8,2.0,4,64,5000,1,33,60,3,1,50,16,android,1,512,392.81
samsung,6499,61,0,0,0,unisoc,4,1.6,2,32,5000,0,0,60,1,1,8,5,android,1,1024,269.93
motorola,15999,84,0,1,0,snapdragon,8,2.3,6,128,6000,1,20,120,3,1,108,32,android,1,1024,396.26
oneplus,64800,89,1,1,0,snapdragon,8,2.8,8,128,4500,1,65,120,4,1,48,16,android,0,0,525.92
xiaomi,14590,80,0,0,1,helio,8,2.0,6,64,5000,1,33,90,4,1,108,16,android,1,512,409.3
xiaomi,7499,68,0,0,0,helio,8,2.3,4,64,5000,0,0,60,2,1,13,5,android,1,512,268.69
tecno,21999,82,1,1,0,dimensity,8,2.4,8,128,5000,1,33,120,3,1,64,16,android,0,0,395.09
samsung,11999,71,0,0,0,helio,8,2.3,4,64,5000,1,13,60,2,1,50,5,android,1,1024,269.93
poco,12999,79,0,0,1,helio,8,2.0,6,128,5000,1,33,90,3,1,64,16,android,1,1024,409.3
oneplus,20990,81,1,1,0,snapdragon,8,2.2,6,128,4500,1,33,60,3,1,64,16,android,1,1024,409.3
apple,72999,79,1,1,0,bionic,6,3.2,4,256,3240,1,0,60,2,1,12,12,ios,0,0,457.25
oppo,77990,89,1,1,0,snapdragon,8,3.2,12,256,4700,1,120,120,3,1,50,32,android,0,0,388.17
vivo,56999,87,1,1,1,dimensity,8,3.0,8,256,4870,1,120,120,3,1,50,32,android,0,0,452.87
motorola,21999,79,1,1,0,snapdragon,8,2.2,4,128,5000,1,10,120,2,1,50,16,android,1,1024,269.93
motorola,9499,75,0,0,0,helio,8,2.3,4,64,5000,1,20,90,4,1,50,16,android,1,1024,268.69
xiaomi,7499,66,0,0,0,helio,8,2.0,4,64,5000,1,10,60,1,1,13,5,android,1,512,268.69
others,4649,77,0,0,0,snapdragon,4,1.3,2,32,3500,0,0,60,1,1,13,8,android,1,512,295.41
vivo,18000,62,0,0,0,helio,8,2.0,4,32,4030,0,0,60,2,1,13,8,android,1,256,271.27
xiaomi,38999,85,1,1,1,snapdragon,8,3.2,8,128,5000,1,120,120,3,1,54,16,android,0,0,526.1
realme,7145,61,0,0,0,unisoc,8,1.6,2,32,5000,1,10,60,1,1,8,5,android,1,1024,269.93
vivo,14990,77,0,0,0,snapdragon,8,2.4,8,128,5000,1,18,90,2,1,50,8,android,1,1024,269.54
oppo,15499,70,0,0,0,helio,8,2.3,4,64,5000,1,33,60,2,1,50,8,android,1,1024,267.46
xiaomi,9999,69,0,0,1,helio,8,2.0,6,128,5000,0,0,60,1,1,13,5,android,1,512,268.69
poco,29999,86,1,1,0,snapdragon,8,3.2,12,256,4500,1,67,120,3,1,64,20,android,0,0,394.57
realme,15999,84,0,0,0,snapdragon,8,2.4,8,128,5000,1,33,90,3,1,108,16,android,1,256,411.22
xiaomi,59990,89,1,1,1,snapdragon,8,3.2,8,128,5000,1,120,120,3,1,200,20,android,0,0,445.84
iqoo,34990,84,1,0,0,snapdragon,8,2.9,8,128,4350,1,120,120,3,1,48,16,android,0,0,397.86
apple,45999,75,1,1,0,bionic,6,3.1,4,128,3034,0,0,60,2,1,12,12,ios,0,0,477.26
samsung,119990,85,1,0,0,snapdragon,8,2.8,12,256,5100,1,45,144,4,1,200,60,android,0,0,454.11
oppo,89990,88,1,1,0,dimensity,8,3.0,8,128,4300,1,44,120,2,1,50,32,others,0,0,394.6
oneplus,50999,87,1,1,0,snapdragon,8,3.2,12,256,4800,1,150,120,3,1,50,16,android,0,0,394.44
tecno,7999,65,0,0,0,helio,8,2.3,4,64,5000,0,0,90,2,1,13,8,android,1,256,265.84
samsung,43999,88,1,1,0,exynos,8,2.9,8,256,4500,1,25,120,3,1,12,32,android,0,0,402.69
xiaomi,18499,83,1,0,1,dimensity,8,2.4,8,128,5000,1,33,90,2,1,50,16,android,1,1024,398.76
others,134999,85,1,1,0,snapdragon,8,2.8,12,512,4500,1,30,120,3,1,12,8,android,1,1024,642.63
vivo,32999,85,1,0,0,snapdragon,8,2.4,8,128,4300,1,33,60,4,2,64,44,android,0,0,408.67
poco,13499,80,0,0,1,snapdragon,8,2.3,6,64,6000,1,33,120,4,1,64,20,android,1,512,394.57
samsung,35489,86,0,1,0,exynos,8,2.7,8,128,4500,1,25,120,3,1,12,32,android,1,1024,404.89
google,20120,78,0,1,0,snapdragon,8,2.8,6,64,2800,1,0,60,2,2,16,8,android,0,0,442.61
samsung,42999,81,0,1,0,exynos,8,2.7,8,128,4100,1,15,60,3,2,16,10,android,1,512,525.59
realme,24999,78,1,0,0,dimensity,8,2.2,6,128,4200,1,66,90,3,1,50,16,android,0,0,411.22
oppo,20999,82,0,0,0,snapdragon,8,2.4,8,128,4500,1,33,90,3,1,64,32,android,1,256,404.89
realme,28994,84,1,1,0,snapdragon,8,2.8,8,128,5000,1,65,120,3,1,50,16,android,0,0,397.55
samsung,48900,88,1,1,0,exynos,8,2.9,8,128,4000,1,25,120,3,1,64,10,android,0,0,424.48
samsung,22494,86,0,0,0,snapdragon,8,2.2,8,128,4500,1,25,60,4,1,64,32,android,1,1024,392.81
vivo,8990,61,0,0,0,helio,8,2.3,3,32,5000,1,10,60,1,1,8,5,android,1,1024,269.51
others,6999,69,0,0,0,unisoc,8,1.7,4,32,4000,0,0,60,3,1,13,8,android,0,0,264.33
tecno,8890,63,0,0,0,unisoc,8,2.0,4,64,5000,0,0,90,2,1,13,8,android,1,256,267.5
iqoo,18498,82,1,0,0,snapdragon,8,2.2,8,128,5000,1,18,120,3,1,50,16,android,1,1024,401.08
vivo,23999,81,1,0,0,snapdragon,8,2.4,6,128,4700,1,66,90,3,1,64,16,android,1,1024,409.23
realme,22994,81,1,0,0,dimensity,8,2.5,8,128,4500,1,60,90,3,1,50,16,android,0,0,411.22
samsung,12990,71,0,0,0,exynos,8,2.0,4,64,5000,1,15,90,3,1,50,5,android,1,1024,269.93
realme,14999,78,0,0,0,snapdragon,8,2.4,6,128,5000,1,33,90,3,1,50,16,android,1,1024,400.42
realme,18499,80,1,0,0,dimensity,8,2.2,8,128,5000,1,18,90,3,1,48,16,android,1,1024,404.89
oppo,14990,78,0,0,0,snapdragon,8,2.0,6,128,5000,1,33,60,3,1,48,16,android,1,256,411.22
oppo,70990,88,1,1,0,dimensity,8,3.2,8,256,4300,1,44,120,2,1,50,32,others,0,0,403.19
samsung,12120,75,0,0,0,helio,8,2.0,4,64,6000,1,15,90,4,1,64,20,android,1,1024,411.22
others,29990,84,0,1,0,helio,8,2.0,8,256,21000,1,33,60,3,1,64,16,android,1,0,388.17
realme,20999,82,1,0,0,snapdragon,8,2.2,8,128,5000,1,33,120,3,1,64,16,android,1,256,400.42
xiaomi,11999,80,0,0,1,snapdragon,8,2.3,6,128,5020,1,18,60,4,1,48,16,android,1,512,394.57
samsung,17990,73,1,1,0,dimensity,8,2.2,4,64,5000,1,15,90,3,1,50,5,android,1,1024,269.93
xiaomi,14990,77,1,0,1,dimensity,8,2.4,4,128,5000,1,33,90,2,1,50,16,android,1,512,398.76
others,6490,62,0,0,0,unisoc,4,1.3,1,16,5000,0,0,60,2,1,8,8,android,0,0,269.93
realme,34999,83,1,1,0,snapdragon,8,3.2,8,128,4600,1,240,120,3,1,50,16,android,0,0,394.44
apple,149900,79,1,1,0,bionic,8,3.2,8,128,4700,1,52,120,3,1,48,12,ios,0,0,457.54
poco,6499,60,0,0,0,helio,4,2.0,2,32,5000,1,10,60,2,1,8,5,android,1,512,269.1
samsung,104999,86,1,1,0,snapdragon,8,3.2,12,256,4500,1,67,120,3,1,200,10,android,1,1024,524.87
realme,13999,75,0,0,0,snapdragon,8,2.4,4,128,5000,1,33,90,3,1,50,16,android,1,1024,400.42
xiaomi,16999,79,1,0,1,dimensity,8,2.4,6,64,5000,1,33,90,2,1,50,16,android,1,1024,398.76
vivo,79999,86,1,1,0,snapdragon,8,3.0,12,256,4700,1,80,120,4,1,50,32,android,0,0,517.56
oppo,36760,87,1,1,0,dimensity,8,3.0,12,256,4500,1,65,90,4,1,64,32,android,0,0,401.8
xiaomi,23499,81,1,0,1,dimensity,8,2.5,6,128,5160,1,67,120,3,1,108,16,android,1,1024,394.57
others,75990,87,1,1,0,snapdragon,8,3.2,16,256,6000,1,120,165,3,1,64,32,android,0,0,393.48
oppo,21990,76,1,0,0,snapdragon,8,2.4,6,128,5000,1,33,90,2,1,48,8,android,1,1024,267.46
realme,18999,80,1,0,0,snapdragon,8,2.4,6,128,5000,1,30,144,3,1,48,16,android,1,1024,400.42
samsung,7249,66,0,0,0,unisoc,8,1.6,3,32,5000,1,15,60,2,1,48,5,android,1,1024,264.33
oneplus,16990,75,1,1,0,snapdragon,8,2.0,4,64,5000,1,18,90,3,1,13,16,android,1,128,405.52
xiaomi,23890,80,1,0,1,snapdragon,8,3.2,6,128,4520,1,33,120,3,1,48,20,android,0,0,394.57
oppo,26380,83,1,1,0,dimensity,8,2.0,8,128,4300,1,65,90,3,1,64,32,android,0,0,409.3
realme,27999,87,1,1,0,snapdragon,8,2.8,12,256,4200,1,65,90,4,2,64,32,android,0,0,408.67
xiaomi,10850,70,0,0,0,helio,8,2.0,6,128,5000,0,0,60,1,1,13,5,android,1,512,268.69
others,19999,81,1,1,1,snapdragon,8,2.4,6,128,5000,1,67,120,3,1,108,16,android,0,0,394.57
apple,129990,76,1,1,0,bionic,6,3.1,6,256,3200,1,0,120,3,1,48,12,ios,0,0,461.44
motorola,19990,81,1,1,0,snapdragon,8,2.2,6,128,5000,1,33,120,3,1,108,16,android,0,0,404.89
motorola,41990,86,1,1,0,snapdragon,8,3.2,8,128,4450,1,125,144,3,1,200,60,android,0,0,394.57
xiaomi,69990,86,1,1,1,snapdragon,8,3.2,8,256,4860,1,67,120,3,1,50,32,android,0,0,521.41
others,39990,88,1,1,0,snapdragon,8,2.5,12,512,4800,1,66,120,3,1,54,32,android,0,0,394.57
oneplus,74999,85,1,1,0,snapdragon,8,3.0,12,512,5000,1,80,120,3,1,50,32,android,0,0,525.92
vivo,36994,87,1,0,0,dimensity,8,3.0,12,256,4300,1,44,90,3,2,108,50,android,0,0,397.86
oppo,14700,76,0,0,0,helio,8,2.3,6,128,5000,1,18,60,3,1,50,16,android,1,256,269.51
xiaomi,34990,86,1,1,1,snapdragon,8,2.8,8,128,5000,1,120,120,3,1,108,16,android,0,0,394.57
others,34999,76,1,0,0,snapdragon,8,2.1,6,64,6000,1,33,60,4,1,108,32,android,1,1024,386.46
xiaomi,13990,75,0,0,1,snapdragon,8,2.2,4,64,5000,1,33,60,4,1,48,13,android,1,512,409.3
samsung,14859,79,0,0,0,helio,8,2.0,6,128,6000,1,15,90,4,1,64,20,android,1,1024,411.22
tecno,17999,84,0,1,0,helio,8,2.0,8,128,5000,1,33,120,3,1,64,32,android,1,512,395.09
poco,34990,85,1,1,0,snapdragon,8,3.2,8,128,4700,1,67,120,3,1,64,32,android,0,0,392.81
others,14990,85,1,1,0,dimensity,8,2.4,8,128,5000,1,27,60,4,1,48,16,android,1,1024,395.09
oppo,8999,65,0,0,0,helio,8,2.0,3,32,4230,0,0,60,1,1,13,5,android,1,1024,269.1
motorola,8999,71,0,0,0,helio,8,2.3,4,64,5000,1,10,90,2,1,50,8,android,1,1024,269.93
xiaomi,15824,84,0,0,1,helio,8,2.0,8,128,5000,1,33,90,4,1,108,16,android,1,512,409.3
apple,43900,61,1,1,0,bionic,6,3.2,4,64,2955,0,0,60,1,1,12,7,ios,0,0,325.61
samsung,22494,86,0,0,0,snapdragon,8,2.3,8,128,4500,1,25,90,4,1,64,32,android,1,1024,404.89
poco,19650,82,0,0,1,snapdragon,8,3.0,6,128,5160,1,33,120,4,1,48,20,android,1,512,394.57
xiaomi,6999,61,0,0,0,helio,8,2.0,2,32,5000,0,0,60,1,1,13,5,android,1,512,268.69
samsung,16499,80,0,0,0,helio,8,2.0,6,128,5000,1,15,90,4,1,64,20,android,1,1024,411.22
motorola,15999,75,0,1,0,helio,8,2.0,4,128,5000,1,10,90,3,1,50,8,android,1,512,269.93
others,72999,88,1,1,0,dimensity,8,3.2,16,256,6000,1,65,165,3,1,50,12,android,0,0,394.64
xiaomi,26999,84,1,0,1,dimensity,8,2.6,6,128,4980,1,120,120,3,1,200,16,android,0,0,394.57
infinix,6999,61,0,0,0,helio,4,2.0,2,32,5000,0,0,60,2,1,8,5,android,1,512,265.84
apple,130990,75,1,1,0,bionic,6,2.7,8,128,3982,0,0,120,3,1,50,12,ios,0,0,460.27
realme,12787,71,0,0,0,tiger,8,1.8,4,128,5000,1,18,90,3,1,50,8,android,1,1024,399.86
infinix,9999,72,0,0,0,helio,8,2.3,4,64,6000,1,18,90,3,1,50,8,android,1,512,262.62
vivo,54999,86,1,0,0,dimensity,8,3.0,8,128,4500,1,80,120,3,1,50,32,android,0,0,388.17
vivo,15490,79,0,0,0,helio,8,2.0,8,128,5000,1,19,60,3,1,64,16,android,1,1024,401.08
tecno,25999,84,0,0,0,helio,8,2.0,8,256,4700,1,33,90,3,2,50,48,android,0,0,384.66
samsung,9499,68,0,0,0,helio,8,2.3,4,128,5000,1,15,60,2,1,13,5,android,1,1024,269.93
others,7999,70,0,0,0,helio,8,2.0,4,64,5000,0,0,60,2,1,50,5,android,1,512,268.29
others,63990,86,1,1,0,snapdragon,8,3.2,8,128,4300,1,30,120,2,1,50,12,android,0,0,446.07
others,15990,73,0,1,0,helio,8,2.3,4,64,4000,1,9,60,3,1,13,8,android,1,512,294.8
iqoo,34949,85,1,1,0,snapdragon,8,2.8,12,256,4500,1,66,120,3,1,48,16,android,0,0,397.55
tecno,8799,72,0,0,0,helio,8,2.0,4,64,5000,1,33,60,3,1,48,8,android,1,1024,395.09
xiaomi,12390,74,0,0,1,helio,8,2.0,4,64,6000,1,18,90,4,1,50,8,android,1,512,404.89
samsung,11499,73,0,0,0,helio,8,2.0,4,64,6000,0,0,90,4,1,48,13,android,1,1024,274.15
xiaomi,199990,81,1,0,0,snapdragon,8,3.0,12,512,4050,1,40,60,3,1,108,0,android,0,0,387.57
oppo,42990,86,1,1,0,dimensity,8,3.0,16,256,5000,1,120,120,2,1,50,32,android,0,0,392.68
others,34999,82,1,1,0,snapdragon,8,3.2,8,128,5000,1,80,144,3,1,64,16,android,0,0,394.57
samsung,11999,75,0,1,0,exynos,8,2.0,4,128,6000,1,15,60,3,1,50,8,android,1,1024,399.86
others,10499,70,0,0,0,unisoc,8,1.6,4,64,5000,1,10,90,2,1,50,8,android,1,512,269.1
infinix,8910,66,0,0,0,tiger,8,1.8,4,64,6000,1,18,90,2,1,13,8,android,1,256,262.62
vivo,24990,85,1,0,0,snapdragon,8,3.2,8,128,4700,1,80,120,3,1,64,16,android,1,1024,397.55
oppo,17999,84,1,1,0,snapdragon,8,2.2,8,128,4500,1,33,60,3,1,64,16,android,1,1024,409.3
xiaomi,22999,86,1,1,1,snapdragon,8,2.4,8,128,4250,1,33,90,3,1,64,20,android,1,512,401.8
realme,6490,61,0,0,0,unisoc,8,1.6,2,32,5000,0,0,60,1,1,8,5,android,1,256,269.93
infinix,21990,85,1,0,0,helio,8,2.0,8,128,4500,1,45,120,3,1,108,16,android,1,512,394.57
samsung,12364,76,0,0,0,helio,8,2.0,4,64,6000,1,15,90,4,1,64,20,android,1,1024,411.22
samsung,39990,86,1,1,0,snapdragon,8,3.0,6,128,4500,1,25,120,3,1,64,10,android,1,1024,522.96
xiaomi,11999,77,0,0,0,snapdragon,8,2.8,6,64,4000,1,5,60,2,1,12,20,android,1,256,403.26
vivo,7499,69,0,0,0,helio,4,1.3,1,16,1900,0,0,60,1,1,5,2,android,1,128,217.7
others,3990,60,0,0,0,snapdragon,8,1.5,3,32,3500,0,0,60,2,1,13,5,android,1,64,400.53
motorola,10499,65,0,0,0,tiger,8,2.0,2,64,5000,1,10,60,1,1,13,5,android,1,1024,269.93
tecno,6299,61,0,0,0,helio,4,2.0,2,32,5000,0,0,60,2,1,8,5,android,1,1024,267.46
others,5990,64,0,0,0,unisoc,4,1.4,2,32,3020,0,0,60,1,1,2,0,android,1,0,195.93
vivo,113990,86,1,1,0,snapdragon,8,3.2,12,256,4730,1,80,120,4,2,50,16,android,0,0,359.57
samsung,21999,84,1,1,0,dimensity,8,2.0,6,128,7000,1,33,60,4,1,64,32,android,1,1024,392.81
iqoo,15999,80,0,0,0,snapdragon,8,2.4,6,128,5000,1,44,120,3,1,50,16,android,1,1024,408.67
others,69990,86,1,1,0,snapdragon,8,2.8,8,128,4000,1,21,120,3,1,12,8,android,1,256,449.46
vivo,12990,71,0,0,0,helio,8,2.3,4,128,5000,1,10,60,3,1,13,16,android,1,256,268.29
others,92980,83,1,1,0,snapdragon,8,3.0,12,512,5000,1,30,120,4,1,12,12,android,1,0,642.63
tecno,15999,74,0,0,0,helio,8,2.2,8,256,6000,1,45,90,2,1,50,8,android,1,1024,263.44
huawei,23999,84,0,1,0,snapdragon,8,2.4,8,256,4500,1,66,90,3,1,108,16,android,1,256,362.06
vivo,12999,75,0,0,0,snapdragon,8,2.4,4,128,5000,1,18,90,2,1,50,8,android,1,1024,401.08
others,60990,86,1,1,0,snapdragon,8,3.2,12,256,5000,1,135,120,3,1,64,8,android,0,0,387.03
motorola,8859,67,0,0,0,helio,8,1.8,4,64,5000,1,18,90,3,1,16,8,android,1,128,269.93
iqoo,33749,84,1,0,1,snapdragon,8,3.2,12,256,4700,1,80,120,3,1,64,16,android,0,0,397.55
samsung,15990,63,0,0,0,helio,8,1.7,6,64,5000,1,15,60,3,1,48,8,android,1,1024,269.93
poco,24990,84,1,1,1,dimensity,8,2.8,8,128,5080,1,67,144,3,1,64,16,android,0,0,407.07
realme,14999,76,1,0,0,dimensity,8,2.4,4,128,5000,1,33,90,3,1,48,16,android,1,1024,398.76
vivo,17990,76,1,0,0,dimensity,8,2.2,6,128,4500,1,80,120,2,1,50,8,android,1,1024,394.71
others,24990,75,1,0,0,dimensity,8,2.0,8,128,4300,1,66,120,3,1,64,16,android,0,0,386.39
xiaomi,11600,74,0,0,1,helio,8,2.2,4,64,5000,1,18,90,3,1,50,8,android,1,512,399.97
realme,8299,62,0,0,0,tiger,8,1.8,3,32,5000,0,0,60,3,1,13,5,android,1,1024,269.1
motorola,11999,78,0,0,0,helio,8,2.0,6,128,5000,1,20,60,3,1,50,13,android,1,1024,406.77
samsung,89999,88,1,1,0,snapdragon,8,3.2,8,128,3700,1,25,120,2,1,12,10,others,0,0,425.73
oneplus,27999,77,0,1,0,snapdragon,8,2.8,8,128,3300,0,0,60,2,1,20,16,android,0,0,401.73
google,15990,69,0,1,0,snapdragon,8,2.4,4,128,3520,1,0,60,1,1,12,8,android,0,0,536.66
xiaomi,7289,60,0,0,0,helio,4,2.0,2,32,5000,1,10,60,2,1,8,5,android,1,512,269.1
others,30990,86,1,1,0,snapdragon,8,2.5,8,256,4800,1,66,120,3,1,54,32,android,0,0,394.57
realme,15499,77,0,0,0,helio,8,2.0,6,128,5000,1,33,120,3,1,50,16,android,1,256,400.42
vivo,8499,66,0,0,0,helio,8,2.3,3,32,5000,0,0,60,2,1,13,8,android,1,1024,269.51
samsung,14490,80,0,0,0,helio,8,2.0,6,128,6000,1,15,90,4,1,64,20,android,1,1024,411.22
samsung,15490,80,1,0,0,dimensity,8,2.2,6,128,5000,1,15,90,3,1,64,8,android,1,1024,399.86
realme,14990,78,1,0,0,snapdragon,8,2.2,6,128,5000,1,60,120,3,1,50,16,android,1,1024,400.42
poco,15999,75,1,0,1,dimensity,8,2.2,4,64,5000,1,18,90,3,1,48,8,android,1,1024,404.89
google,36000,82,1,1,0,snapdragon,8,2.4,8,128,4080,1,18,90,2,1,16,8,android,0,0,429.53
oneplus,69999,87,1,1,0,snapdragon,8,3.2,12,256,4800,1,150,144,3,1,108,32,android,0,0,550.29
xiaomi,26990,86,1,1,1,dimensity,8,2.6,8,256,4300,1,210,120,3,1,200,16,android,0,0,394.57
samsung,10630,71,0,0,0,exynos,8,2.0,4,64,6000,1,15,60,3,1,50,8,android,1,1024,398.76
oppo,42990,85,1,1,0,dimensity,8,2.8,8,256,4500,1,80,120,3,1,50,32,android,0,0,394.44
vivo,24990,77,1,0,0,dimensity,8,3.0,8,128,4500,1,62,90,3,1,50,16,android,0,0,399.97
iqoo,14489,77,0,0,0,snapdragon,8,2.4,4,128,5000,1,44,120,3,1,50,16,android,1,1024,408.67
oppo,16490,73,0,0,0,snapdragon,8,2.4,6,128,5000,1,33,90,2,1,13,8,android,1,512,269.13
realme,24494,82,1,0,0,dimensity,8,2.5,8,256,4500,1,60,90,3,1,50,16,android,0,0,411.22
vivo,7999,61,0,0,0,helio,8,2.3,2,32,5000,0,0,60,1,1,8,5,android,1,1024,269.51
motorola,23990,85,1,0,0,snapdragon,8,2.9,6,128,5000,1,33,144,3,1,108,16,android,0,0,395.09
realme,49959,89,1,1,0,snapdragon,8,3.0,8,128,5000,1,65,120,3,1,50,32,android,0,0,525.92
apple,129900,83,1,1,0,bionic,6,3.2,6,256,3095,1,0,120,3,1,12,12,ios,0,0,457.25
vivo,19990,80,0,0,0,helio,8,2.0,8,128,4000,1,33,60,3,1,64,16,android,1,1024,408.67
samsung,14990,67,0,1,0,exynos,8,1.9,4,64,5000,1,25,60,3,1,50,16,android,1,1024,398.66
vivo,23269,85,0,0,0,snapdragon,8,2.3,8,128,4000,1,33,60,3,1,64,44,android,1,1024,408.67
xiaomi,13999,75,0,0,1,snapdragon,8,2.3,4,64,5020,1,18,60,4,1,48,16,android,1,512,394.57
oneplus,35389,85,1,1,0,dimensity,8,2.8,8,128,5000,1,80,120,3,1,50,16,android,0,0,394.44
google,79700,84,1,1,0,tensor,8,2.8,12,256,5003,1,30,120,3,1,50,11,android,0,0,512.11
others,9499,62,0,0,0,unisoc,8,1.6,3,32,5050,1,10,60,3,1,13,5,android,1,256,260.32
infinix,12340,76,0,0,0,tiger,8,2.0,8,128,5000,1,18,90,2,1,50,8,android,1,256,267.5
poco,10799,74,0,0,1,helio,8,2.2,4,64,5000,1,18,90,3,1,50,8,android,1,512,399.97
xiaomi,14990,73,0,0,0,snapdragon,8,2.4,4,128,6000,1,18,60,2,1,50,5,android,1,512,261.87
others,61990,89,1,1,0,snapdragon,8,3.0,8,128,5000,1,65,120,3,1,64,16,android,0,0,399.93
xiaomi,51880,89,1,1,1,snapdragon,8,3.0,12,256,4600,1,120,120,3,1,50,32,android,0,0,521.41
oppo,16990,80,0,0,0,snapdragon,8,2.4,8,128,5000,1,33,90,3,1,50,16,android,1,1024,401.02
huawei,19990,84,0,1,0,snapdragon,8,2.4,8,128,4000,1,66,90,4,1,108,16,android,1,512,386.56
samsung,57999,87,1,1,0,snapdragon,8,3.0,8,256,3700,1,25,120,3,1,50,10,android,0,0,422.49
others,46990,87,1,1,0,snapdragon,8,3.0,12,256,5600,1,67,144,2,1,64,16,android,0,0,388.24
vivo,20990,77,1,1,0,dimensity,8,2.2,4,128,5000,1,18,60,3,1,50,8,android,1,1024,401.08
others,17990,82,1,1,0,snapdragon,8,2.0,6,128,4470,1,18,60,4,1,48,16,android,1,1024,394.57
realme,17499,82,1,0,0,dimensity,8,2.4,8,128,5000,1,33,90,3,1,64,16,android,1,1024,404.89
realme,17999,80,1,0,0,dimensity,8,2.4,6,128,5000,1,33,90,3,1,64,16,android,1,1024,404.89
others,49990,86,1,0,0,snapdragon,8,3.2,8,128,6000,1,44,144,4,1,200,32,android,1,512,405.39
poco,14999,74,1,0,1,snapdragon,8,2.2,4,128,5000,1,33,120,3,1,48,8,android,0,0,394.57
xiaomi,19980,82,0,0,1,snapdragon,8,2.3,6,128,5020,1,33,120,4,1,108,16,android,1,512,394.57
iqoo,35990,85,1,1,0,snapdragon,8,3.2,12,256,4400,1,66,120,3,1,48,16,android,0,0,397.55
realme,15999,78,0,0,0,helio,8,2.0,4,128,5000,1,30,60,4,1,64,16,android,1,256,411.22
samsung,41999,88,0,1,0,exynos,8,2.7,8,128,4000,1,25,120,3,1,64,10,android,1,1024,565.98
xiaomi,25999,83,1,1,1,dimensity,8,3.1,8,128,5500,1,67,120,3,1,48,20,android,0,0,526.1
motorola,7990,65,0,0,0,helio,8,1.8,3,32,5000,1,18,90,3,1,16,8,android,1,1024,269.93
oneplus,29990,84,1,1,0,dimensity,8,3.0,8,128,4500,1,80,90,3,1,50,32,android,0,0,409.3
oppo,27990,83,1,0,0,snapdragon,8,2.4,8,128,4500,1,65,90,4,1,50,16,android,1,256,417.83
poco,29999,84,1,1,1,snapdragon,8,3.2,8,128,5500,1,67,120,3,1,64,16,android,0,0,526.1
oppo,8999,68,0,0,0,helio,8,2.0,4,64,4230,0,0,60,1,1,13,5,android,1,1024,269.1
poco,13999,81,0,0,1,helio,8,2.0,8,128,5000,1,33,90,3,1,64,16,android,1,1024,409.3
realme,11499,71,0,0,0,helio,8,2.0,4,64,6000,1,18,60,3,1,50,8,android,1,256,269.93
others,39999,87,1,1,0,snapdragon,8,2.9,8,128,6000,1,65,144,3,1,64,24,android,0,0,394.64
realme,27999,84,1,1,0,snapdragon,8,2.4,8,128,4300,1,65,120,3,1,64,32,android,0,0,409.3
samsung,24499,79,1,1,0,dimensity,8,2.0,6,128,5000,1,15,90,4,1,48,13,android,1,1024,269.93
others,60999,86,1,1,0,snapdragon,8,3.2,12,256,5000,1,165,120,3,1,50,16,android,0,0,399.93
samsung,110999,89,1,1,0,snapdragon,8,2.8,12,256,4400,1,25,120,3,2,12,10,android,0,0,372.19
others,54999,89,1,1,0,snapdragon,8,2.4,8,128,4000,1,33,60,3,1,64,32,others,1,1024,395.09
xiaomi,16490,80,0,0,1,snapdragon,8,2.3,6,64,5020,1,33,60,4,1,64,32,android,1,512,394.57
samsung,24990,83,0,0,0,snapdragon,8,2.3,6,128,4500,1,25,90,4,1,64,32,android,1,1024,404.89
vivo,25000,69,0,0,0,snapdragon,4,1.4,3,16,3360,0,0,60,1,1,13,5,android,1,0,268.33
samsung,9950,66,0,0,0,helio,8,2.3,3,64,5000,0,0,60,2,1,13,5,android,1,1024,269.93
oppo,12999,75,1,0,0,dimensity,8,2.4,8,128,5000,0,0,60,2,1,13,8,android,1,256,269.13
oppo,19999,83,0,1,0,helio,8,2.2,8,256,5000,1,66,120,3,1,50,16,android,1,1024,394.57
oppo,32999,84,1,1,0,snapdragon,8,2.5,8,256,5000,1,120,120,3,1,50,32,android,0,0,392.68
others,28498,81,1,1,0,snapdragon,8,2.2,6,128,4500,1,20,120,3,1,50,8,android,1,512,399.97
oppo,15998,71,0,0,0,helio,8,2.3,4,128,5000,1,33,60,2,1,50,8,android,1,1024,267.46
motorola,59990,89,1,1,0,snapdragon,8,3.2,8,128,4800,1,125,165,3,1,50,60,android,0,0,400.99
oppo,16990,78,1,0,0,snapdragon,8,2.2,6,128,5000,1,67,120,3,1,64,16,android,0,0,401.02
iqoo,27999,82,1,0,0,snapdragon,8,2.4,12,256,4700,1,66,90,3,1,64,16,android,0,0,409.23
others,13499,75,0,0,0,unisoc,8,1.6,6,128,5050,1,18,90,3,1,50,8,android,1,512,269.93
samsung,16499,78,0,0,0,exynos,8,2.0,6,128,5000,1,25,60,4,1,50,8,android,1,1024,399.86
oppo,10999,66,0,0,0,helio,8,2.3,4,64,4230,0,0,60,1,1,13,5,android,1,256,269.1
xiaomi,13990,71,0,0,0,snapdragon,8,2.4,4,64,6000,1,18,60,2,1,50,5,android,1,512,261.87
tecno,9999,74,0,0,0,helio,8,2.0,4,64,5000,1,18,90,3,1,48,32,android,1,1024,407.07
realme,31994,83,1,1,0,dimensity,8,2.8,8,128,5000,1,80,120,3,1,50,16,android,0,0,394.44
xiaomi,24820,83,1,0,1,dimensity,8,2.5,6,128,4500,1,120,120,3,1,108,16,android,1,1024,394.57
iqoo,22990,83,1,0,0,snapdragon,8,3.2,8,128,4700,1,80,120,3,1,64,16,android,0,0,397.55
iqoo,59990,88,1,1,0,snapdragon,8,3.0,8,256,4700,1,120,120,3,1,50,16,android,0,0,517.56
realme,8999,62,0,0,0,unisoc,8,1.6,4,64,5000,0,0,60,1,1,8,5,android,1,256,269.93
xiaomi,10499,72,0,0,0,helio,8,2.3,6,128,5000,0,0,60,2,1,13,5,android,1,512,268.69
others,7499,61,0,0,0,snapdragon,4,1.3,3,32,3000,0,0,60,1,1,13,8,android,1,128,292.72
xiaomi,9990,75,0,0,1,helio,8,2.0,4,64,4000,1,18,60,4,1,48,13,android,1,1024,409.08
xiaomi,12490,76,1,0,1,dimensity,8,2.2,4,128,5000,1,18,90,3,1,48,8,android,1,512,404.89
vivo,13990,69,0,0,0,helio,8,2.0,4,64,5000,1,18,60,3,1,13,8,android,1,256,269.51
samsung,17990,79,1,0,0,dimensity,8,2.2,6,128,5000,1,15,90,3,1,48,8,android,1,1024,399.86
vivo,24999,83,0,0,0,dimensity,8,2.4,8,128,4000,1,33,90,3,1,64,44,android,1,256,408.67
realme,21999,85,0,0,0,snapdragon,8,2.3,8,128,4500,1,65,60,4,1,64,32,android,1,256,411.22
oneplus,19999,77,0,0,0,snapdragon,8,2.0,8,128,4300,1,30,90,3,1,48,16,android,0,0,401.8
samsung,99999,81,1,1,0,exynos,8,2.7,12,128,5000,1,45,60,4,1,108,40,android,1,1024,508.56
apple,109900,77,0,1,0,bionic,6,2.6,4,64,3500,1,18,60,3,1,12,12,ios,0,0,455.55
others,19990,80,0,1,0,snapdragon,8,2.0,8,128,5000,1,33,120,2,1,50,16,android,1,1024,404.89
samsung,11499,69,0,0,0,helio,8,2.3,4,128,5000,0,0,60,2,1,13,5,android,1,1024,269.93
xiaomi,13999,75,0,0,1,helio,8,2.2,4,64,5000,1,33,120,3,1,48,13,android,1,1024,394.57
vivo,28990,84,1,0,0,snapdragon,8,2.2,8,256,5000,1,80,120,3,1,108,32,android,1,512,392.81
poco,27999,85,1,1,0,snapdragon,8,3.2,8,128,4500,1,67,120,3,1,64,20,android,0,0,394.57
xiaomi,19990,82,1,1,0,dimensity,8,2.8,6,128,5080,1,67,144,3,1,64,16,android,1,1024,407.07
realme,22999,83,1,0,1,dimensity,8,2.5,8,128,5000,1,33,90,3,1,48,16,android,1,1024,411.22
vivo,17999,82,0,0,0,snapdragon,8,2.4,8,128,5000,1,44,60,3,1,50,16,android,1,1024,409.8
xiaomi,15499,81,0,0,0,helio,8,2.0,6,128,5000,1,33,90,4,1,108,16,android,1,512,409.3
others,17990,84,1,0,1,dimensity,8,2.4,8,128,5000,1,30,90,4,1,64,16,android,1,1024,396.26
realme,13999,77,0,0,0,helio,8,2.0,6,128,5000,1,18,120,3,1,50,16,android,1,256,400.42
oppo,13499,73,0,0,0,helio,8,2.3,4,64,5000,1,18,60,3,1,50,16,android,1,256,269.51
poco,14799,79,1,0,0,dimensity,8,2.2,6,128,5000,1,18,90,3,1,48,8,android,1,1024,404.89
realme,6999,62,0,0,1,unisoc,8,1.8,3,32,5000,0,0,60,3,1,13,5,android,1,256,269.93
oppo,11999,69,0,0,0,helio,8,2.3,4,64,5000,0,0,60,3,1,13,8,android,1,512,269.1
vivo,23994,85,1,0,0,dimensity,8,2.4,8,128,4000,1,33,90,3,1,64,44,android,1,256,408.67
apple,139900,80,1,1,0,bionic,6,3.1,6,512,3544,0,0,60,3,1,12,12,ios,0,0,457.25
others,69999,89,1,1,0,snapdragon,8,2.8,8,256,4000,1,21,60,4,1,12,8,android,1,0,642.63
motorola,57999,89,1,1,0,snapdragon,8,2.8,12,256,5000,1,18,90,3,1,108,25,android,0,0,384.66
samsung,86000,87,0,1,0,exynos,8,2.7,8,256,4300,1,25,60,3,1,64,10,android,0,0,392.81
samsung,11999,71,0,0,0,helio,8,2.3,4,64,5000,1,15,60,4,1,48,8,android,1,1024,264.33
xiaomi,14999,77,0,1,0,snapdragon,8,2.3,6,128,5000,1,67,120,3,1,50,16,android,0,0,394.57
realme,26499,81,1,0,1,snapdragon,8,3.2,8,128,5000,1,80,120,3,1,64,16,android,0,0,397.55
realme,8990,62,0,0,0,unisoc,8,1.6,4,64,5000,1,10,60,1,1,8,5,android,1,1024,269.93
apple,95999,82,1,1,0,bionic,6,3.2,6,512,3279,1,0,60,2,1,12,12,ios,0,0,457.25
iqoo,47990,85,1,1,0,snapdragon,8,3.2,8,128,4700,1,120,120,3,1,50,16,android,0,0,388.17
tecno,17990,81,0,0,1,helio,8,2.0,8,128,5000,1,33,120,3,1,64,32,android,0,0,395.09
oneplus,22999,83,1,1,0,snapdragon,8,2.2,8,128,5000,1,33,120,3,1,64,16,android,1,512,401.02
samsung,99990,82,1,1,0,snapdragon,8,3.0,8,128,5000,1,45,120,4,1,108,40,android,0,0,500.0
poco,39999,86,1,1,0,snapdragon,8,3.0,8,128,4700,1,120,120,3,1,64,20,android,0,0,394.57
xiaomi,38999,88,1,1,1,snapdragon,8,2.8,12,256,5000,1,120,120,3,1,108,16,android,0,0,394.57
vivo,12490,63,0,0,1,helio,8,2.3,4,128,5000,0,0,60,2,1,13,8,android,0,0,269.51
samsung,39990,86,1,1,0,snapdragon,8,3.2,6,128,4500,1,25,120,3,1,64,10,android,1,1024,522.96
vivo,16685,80,0,0,0,helio,8,2.0,8,128,5000,1,18,60,3,1,50,16,android,1,1024,401.08
huawei,69990,84,0,1,0,kirin,8,3.1,8,128,4400,1,66,90,3,2,50,13,others,1,256,455.72
others,6999,66,0,0,1,unisoc,8,1.8,4,64,5000,0,0,60,2,1,13,5,android,1,256,269.1
others,71999,86,1,1,0,snapdragon,8,3.2,12,256,6000,1,65,165,3,1,50,12,android,0,0,394.64
realme,26999,84,1,1,0,dimensity,8,3.0,8,128,4500,1,50,120,3,1,64,16,android,0,0,409.3
realme,16499,75,1,0,0,dimensity,8,2.2,4,128,5000,1,18,90,3,1,48,16,android,1,1024,404.89
oppo,17990,74,1,0,0,dimensity,8,2.2,6,128,5000,0,0,60,3,1,13,8,android,1,256,269.93
xiaomi,8999,68,0,0,0,helio,8,2.3,4,64,5000,0,0,60,2,1,13,5,android,1,512,268.69
apple,39900,63,0,1,0,bionic,6,2.6,3,64,1821,1,18,60,1,1,12,7,ios,0,0,325.61
others,5999,60,0,0,0,tiger,4,1.8,6,64,4000,1,10,60,2,1,8,5,android,0,0,264.33
oneplus,34999,76,1,1,0,dimensity,8,3.0,8,128,5000,1,120,120,3,1,64,32,android,0,0,400.58
vivo,16990,77,1,0,0,dimensity,8,2.0,8,128,6000,1,44,60,2,1,50,8,android,0,0,401.08
oppo,22990,84,1,1,0,snapdragon,8,2.2,8,128,4800,1,33,120,3,1,50,32,android,1,256,399.97
vivo,19990,84,0,0,0,helio,8,2.2,8,256,4500,1,44,90,3,1,64,32,android,1,512,408.67
infinix,10850,74,0,0,0,tiger,8,2.0,6,64,5000,1,18,90,2,1,50,8,android,1,256,267.5
realme,13499,75,1,0,0,dimensity,8,2.4,4,64,5000,1,33,90,3,1,48,16,android,1,1024,398.76
others,6699,61,0,0,0,unisoc,8,1.6,3,64,5000,1,18,60,2,1,8,5,android,1,128,267.5
oppo,17999,80,0,0,0,snapdragon,8,2.4,8,128,5000,1,33,90,2,1,50,16,android,1,1024,401.02
xiaomi,13990,69,1,0,0,dimensity,8,2.2,4,128,5000,1,18,90,2,1,50,5,android,0,0,401.08
others,94990,85,1,1,1,snapdragon,8,3.0,12,512,4600,1,120,120,4,2,50,13,android,0,0,455.72
tecno,8968,72,0,0,0,helio,8,2.3,4,64,5000,1,18,60,3,1,50,8,android,1,1024,399.86
infinix,7320,60,0,0,0,helio,4,2.0,2,64,5000,0,0,60,2,1,8,5,android,1,512,265.84
realme,8999,69,0,0,0,tiger,8,1.8,4,64,5000,1,18,60,3,1,50,8,android,1,256,269.93
samsung,13999,75,0,0,0,helio,8,2.3,6,128,5000,1,15,60,4,1,48,8,android,1,1024,264.33
tecno,14746,79,0,1,0,helio,8,2.0,6,128,5000,1,18,60,3,1,64,16,android,1,512,395.09
xiaomi,16999,83,1,1,0,dimensity,8,2.6,6,128,5000,1,67,120,3,1,64,16,android,1,1024,398.76
xiaomi,25990,83,1,0,1,snapdragon,8,3.2,8,128,4520,1,33,120,3,1,48,20,android,0,0,394.57
xiaomi,16499,78,0,0,1,snapdragon,8,2.2,6,128,5000,1,33,60,4,1,48,13,android,1,512,409.3
xiaomi,19999,81,0,0,1,snapdragon,8,2.3,6,64,5020,1,33,120,4,1,108,16,android,1,512,394.57
xiaomi,23500,80,1,1,1,snapdragon,8,2.8,6,128,5000,1,33,144,3,1,64,20,android,0,0,394.57
others,54999,85,1,1,0,snapdragon,8,2.4,6,128,4300,1,25,60,3,1,48,16,android,1,256,395.09
motorola,19499,80,0,0,0,snapdragon,8,2.2,6,128,5000,1,18,60,4,1,64,16,android,1,1024,396.49
others,79990,77,1,1,0,snapdragon,8,2.8,8,128,5000,1,18,60,3,1,64,10,others,1,1024,395.09
samsung,39999,83,0,1,0,exynos,8,2.7,6,128,4500,1,25,60,3,1,12,32,android,1,1024,392.81
samsung,92999,89,1,1,0,exynos,8,2.7,12,256,4300,1,33,60,4,1,12,10,android,1,512,494.68
iqoo,32990,84,1,1,1,snapdragon,8,3.2,8,256,5000,1,120,120,3,1,50,16,android,0,0,388.17
samsung,14499,72,0,0,1,exynos,8,2.0,4,128,5000,1,15,90,3,1,50,5,android,1,1024,269.93
vivo,13999,70,1,0,0,dimensity,8,2.2,4,128,5000,1,15,60,2,1,13,5,android,1,1024,269.51
vivo,7999,60,0,0,0,helio,8,2.3,2,32,5000,1,10,60,1,1,8,5,android,1,1024,269.51
others,5785,62,0,0,0,unisoc,8,1.6,2,32,5000,1,18,60,2,1,8,5,android,1,128,267.5
xiaomi,12990,73,1,0,0,dimensity,8,2.2,4,128,5000,1,18,90,2,1,13,5,android,1,512,399.97
poco,19990,84,1,0,1,dimensity,8,2.5,8,128,5100,1,120,120,3,1,108,32,android,1,1024,391.06
oppo,23990,79,1,0,1,dimensity,8,2.4,12,256,5000,1,33,90,2,1,48,8,android,1,1024,401.19
samsung,17999,77,0,0,0,exynos,8,1.8,6,64,4000,1,15,60,3,1,48,16,android,1,1024,412.36
infinix,16999,80,0,0,0,helio,8,2.2,6,128,5000,1,120,60,4,1,108,16,android,1,256,388.8
others,9999,68,1,0,0,snapdragon,8,2.2,4,128,5000,0,0,60,1,1,13,5,android,1,512,269.93
infinix,8299,63,0,0,0,helio,8,2.0,3,64,5000,0,0,60,2,1,8,5,android,1,512,257.26
others,82199,89,1,1,0,snapdragon,8,3.0,8,256,5000,1,30,120,3,1,12,12,android,1,256,449.46
others,49990,84,1,1,0,snapdragon,8,3.0,8,128,5000,1,80,144,3,1,64,16,android,0,0,394.57
others,11999,71,0,0,0,unisoc,8,1.6,4,64,5050,1,18,90,3,1,50,8,android,1,512,269.93
xiaomi,29990,82,1,1,0,snapdragon,8,2.4,6,128,4300,1,67,120,3,1,108,32,android,0,0,401.8
oppo,92249,87,1,1,0,snapdragon,8,2.8,8,256,4500,1,33,120,3,1,50,32,android,0,0,369.91
apple,139900,84,1,1,0,bionic,6,3.2,6,256,4352,1,61,120,3,1,12,12,ios,0,0,456.77
vivo,14990,74,0,0,0,helio,8,2.0,4,128,5000,1,18,60,3,1,50,8,android,1,1024,269.51
oppo,15988,79,0,0,0,snapdragon,8,2.0,6,128,5000,1,33,60,3,1,48,16,android,1,256,409.3
samsung,11725,76,0,0,0,exynos,8,2.3,4,64,6000,1,15,60,3,1,48,20,android,1,512,402.69
oppo,17994,80,0,0,0,helio,8,2.2,8,128,4310,1,30,60,4,1,48,16,android,1,256,409.3
oppo,134999,86,0,0,0,snapdragon,8,2.8,8,256,4000,1,45,60,3,1,64,16,android,0,0,474.2
oneplus,25595,81,1,1,0,snapdragon,8,2.0,6,128,4300,1,30,90,4,1,64,16,android,1,512,405.52
others,7499,67,0,0,0,helio,8,2.0,6,128,4000,0,0,60,1,1,16,13,android,1,256,271.27
poco,10890,74,0,0,0,helio,8,2.0,6,64,5000,1,18,60,4,1,13,8,android,1,512,394.67
oppo,18990,83,0,0,1,helio,8,2.2,8,128,4015,1,30,60,4,2,48,16,android,1,256,409.3
motorola,19990,82,1,1,0,snapdragon,8,2.2,6,128,5000,1,20,60,3,1,48,16,android,1,1024,394.57
samsung,15990,80,0,1,0,exynos,8,2.3,4,128,4000,1,15,60,3,1,48,32,android,1,512,402.69
samsung,58999,89,0,1,0,exynos,8,2.7,12,256,4300,1,45,60,4,1,12,10,android,1,1024,494.68
vivo,12500,71,0,0,0,helio,8,2.0,4,64,5000,0,0,60,3,1,13,16,android,1,256,268.29
vivo,29999,82,0,0,0,snapdragon,8,2.0,8,128,4500,1,18,60,4,1,48,32,android,1,256,403.95
vivo,31990,86,1,0,0,snapdragon,8,2.7,8,256,4700,1,80,120,3,1,64,32,android,1,1024,395.67
vivo,29999,86,1,1,0,dimensity,8,2.4,8,128,4000,1,33,90,3,1,64,44,android,1,256,408.67
others,107990,88,1,1,0,dimensity,8,3.2,16,512,6000,1,65,165,3,1,50,12,others,0,0,394.64
motorola,31990,84,1,1,0,snapdragon,8,2.2,8,128,4020,1,67,120,2,1,64,32,android,0,0,419.08
xiaomi,48990,87,1,1,0,dimensity,8,2.8,8,128,5000,1,120,120,3,1,108,20,android,0,0,445.84
huawei,99990,85,1,1,1,kirin,8,3.1,8,256,4500,1,66,120,3,1,64,13,others,0,0,519.09
realme,9499,65,0,0,0,tiger,8,1.8,4,64,5000,0,0,60,3,1,13,5,android,1,1024,269.1
huawei,162990,89,0,1,0,snapdragon,8,2.8,8,512,4600,1,66,120,3,1,50,11,others,1,256,425.02
iqoo,24999,80,1,0,1,snapdragon,8,2.4,6,128,5000,1,67,144,3,1,50,16,android,1,1024,399.21
apple,82990,72,0,1,0,bionic,6,3.0,6,128,3285,1,0,60,2,1,50,13,ios,0,0,460.27
infinix,15999,79,0,0,0,helio,8,2.0,8,128,5000,1,33,120,3,1,50,16,android,1,1024,386.57
tecno,8999,64,0,0,0,helio,8,1.8,4,64,5000,0,0,60,2,1,16,8,android,1,256,269.1
oppo,17990,73,1,0,0,dimensity,8,2.2,6,128,5000,0,0,60,2,1,13,8,android,1,512,269.93
vivo,82990,87,1,1,0,snapdragon,8,3.2,12,256,4500,1,120,120,4,1,50,32,android,0,0,517.56
xiaomi,12999,77,0,0,0,helio,8,2.0,6,128,6000,1,18,90,4,1,50,8,android,1,512,404.89
huawei,29990,83,0,1,1,snapdragon,8,2.4,8,128,4300,1,66,120,4,1,50,32,others,0,0,392.27
tecno,6999,63,0,0,0,unisoc,4,1.3,1,16,4000,0,0,60,2,1,5,5,android,1,64,275.72
huawei,60999,84,0,1,0,snapdragon,8,2.8,8,256,4360,1,66,120,4,1,50,13,others,1,256,453.25
xiaomi,27990,83,1,1,1,dimensity,8,2.8,8,128,5500,1,67,120,3,1,48,20,android,0,0,526.1
others,5249,62,0,0,1,unisoc,8,1.6,2,16,3000,0,0,60,1,1,5,5,android,1,256,295.41
realme,14999,80,1,0,0,snapdragon,8,2.2,6,128,5000,1,30,120,3,1,48,16,android,1,1024,404.89
oppo,44990,87,1,1,0,snapdragon,8,3.2,8,128,4500,1,65,90,4,1,50,32,android,0,0,401.8
motorola,22490,87,1,1,0,snapdragon,8,3.2,6,128,5000,1,20,90,4,2,64,16,android,1,1024,409.21
oppo,50990,85,1,1,0,snapdragon,8,2.8,12,256,4500,1,65,120,4,1,50,32,android,0,0,525.92
poco,11499,75,0,0,0,snapdragon,8,2.0,6,64,6000,1,18,60,3,1,48,8,android,1,512,394.67
others,5990,65,0,0,1,unisoc,4,1.3,1,16,4000,0,0,60,3,1,8,8,android,1,32,269.93
vivo,27000,84,1,0,0,snapdragon,8,2.4,8,128,4000,1,33,60,3,2,64,44,android,0,0,408.67
xiaomi,29999,86,1,1,0,snapdragon,8,2.8,8,128,5000,1,33,144,3,1,108,20,android,0,0,394.57
vivo,27990,84,0,0,1,snapdragon,8,2.3,8,256,4500,1,33,60,4,2,48,32,android,1,512,408.67
samsung,74999,89,1,1,0,exynos,8,2.7,8,128,4000,1,25,60,3,1,64,10,android,1,1024,565.98
vivo,9990,72,0,0,0,snapdragon,8,2.0,4,64,5000,1,18,60,3,1,16,16,android,1,256,394.67
oppo,19990,82,0,0,0,snapdragon,8,2.2,8,128,4000,1,30,60,4,1,64,32,android,1,256,402.69
realme,13279,75,0,0,0,snapdragon,8,2.3,4,64,4000,1,20,60,4,1,64,16,android,1,256,402.69
vivo,11000,68,0,0,0,helio,8,2.0,3,64,5000,0,0,60,3,1,13,8,android,1,256,268.29
xiaomi,12999,78,0,0,0,snapdragon,8,2.8,6,128,4000,1,11,60,2,1,12,20,android,1,256,403.26
poco,7299,61,0,0,0,helio,4,2.0,3,32,5000,1,10,60,2,1,8,5,android,1,512,269.1
others,7999,61,0,0,0,others,4,1.6,4,32,5000,0,0,60,1,1,20,13,android,1,128,269.93
xiaomi,54990,86,1,1,0,snapdragon,8,3.2,8,128,5000,1,67,120,3,1,50,20,android,0,0,521.41
vivo,49990,77,1,1,1,dimensity,8,2.8,12,256,5000,1,120,120,3,1,50,32,android,0,0,394.57
others,54990,86,1,1,0,snapdragon,8,3.0,12,256,4500,1,100,120,3,1,200,50,android,0,0,429.33
apple,49990,60,1,1,0,bionic,6,3.2,4,64,3232,0,0,60,1,1,12,11,ios,0,0,286.72
tecno,15499,71,0,0,0,dimensity,8,2.4,4,128,6000,1,18,120,2,1,50,8,android,1,1024,387.03
apple,169900,78,1,1,0,bionic,6,3.1,6,512,4323,1,29,120,3,1,48,12,ios,0,0,459.59
google,53990,75,1,1,0,tensor,8,2.8,8,128,4830,1,67,120,2,1,50,10,android,0,0,398.76
vivo,18990,80,1,0,0,dimensity,8,3.0,8,128,6000,1,44,120,2,1,50,16,android,0,0,401.08
motorola,16999,76,1,1,0,snapdragon,8,2.2,4,64,5000,1,33,90,3,1,50,16,android,1,1024,407.07
motorola,34999,86,1,1,0,snapdragon,8,2.4,8,128,4200,1,67,144,3,1,50,32,android,0,0,406.58
vivo,82990,85,1,1,0,snapdragon,8,3.0,12,512,5000,1,80,120,4,1,50,16,android,0,0,485.71
realme,46999,89,1,1,1,snapdragon,8,3.0,12,256,5000,1,65,120,3,1,50,32,android,0,0,525.92
vivo,8499,66,0,0,0,helio,8,2.3,3,32,5000,0,0,60,2,1,13,8,android,1,1024,269.51
others,16999,76,0,0,0,snapdragon,8,2.4,6,128,4000,1,22,90,4,1,64,16,android,0,0,391.17
samsung,11499,69,0,0,0,unisoc,8,1.6,4,64,5000,1,15,60,2,1,48,5,android,1,1024,264.33
samsung,88999,88,1,1,0,snapdragon,8,3.0,8,256,4500,1,45,120,3,1,50,10,android,0,0,390.49
vivo,15990,81,0,0,0,snapdragon,8,2.4,8,128,5000,1,18,90,3,1,50,16,android,1,1024,401.08
xiaomi,24990,83,1,0,0,dimensity,8,2.5,8,128,5160,1,67,120,3,1,108,16,android,1,1024,394.57
oppo,79990,86,1,1,1,snapdragon,8,3.0,8,256,5000,1,80,120,3,1,50,32,android,0,0,525.92
tecno,6249,61,0,0,0,others,8,2.2,2,32,5000,0,0,60,2,1,13,8,android,1,256,269.51
vivo,12499,69,0,0,0,snapdragon,8,2.4,3,64,5000,1,18,60,2,1,13,8,android,1,1024,269.51
xiaomi,6499,61,0,0,0,helio,8,2.0,2,32,5000,0,0,60,1,1,13,5,android,1,512,268.69
apple,179900,86,1,1,0,bionic,6,3.2,6,1024,4352,1,31,120,3,1,12,12,ios,0,0,456.77
vivo,11990,68,0,0,0,snapdragon,8,2.0,3,64,5000,0,0,60,3,1,13,8,android,1,256,269.51
vivo,26990,82,0,0,0,helio,8,2.0,8,128,4050,1,44,60,3,1,64,50,android,0,0,408.67
samsung,13499,76,0,0,0,helio,8,2.0,6,128,6000,0,0,90,4,1,48,13,android,1,1024,274.15
xiaomi,75999,86,1,1,0,snapdragon,8,3.2,12,256,4800,1,67,120,3,1,50,20,android,0,0,521.41
others,5999,60,0,0,1,tiger,8,1.8,3,32,5000,0,0,60,1,1,8,5,android,1,256,269.1
samsung,8499,67,0,0,0,helio,8,2.3,3,32,5000,1,15,60,3,1,13,5,android,1,1024,269.93
oppo,11990,71,0,0,0,helio,8,2.3,4,128,5000,1,10,60,3,1,13,16,android,1,256,269.51
xiaomi,10990,77,1,0,0,dimensity,8,2.2,4,128,5000,1,18,90,4,1,48,13,android,1,512,400.81
xiaomi,109990,86,1,1,1,snapdragon,8,2.8,12,256,5020,1,67,90,3,1,108,20,android,0,0,387.02
realme,16999,80,1,1,1,dimensity,8,2.2,6,128,5000,1,18,90,3,1,48,16,android,1,1024,404.89
oppo,12199,70,0,0,0,helio,8,2.3,4,64,5000,1,7,60,3,1,13,16,android,1,256,269.51
oppo,11490,72,0,0,0,helio,8,2.3,4,128,4230,0,0,60,3,1,13,8,android,1,256,269.1
others,5490,65,0,0,0,others,4,1.3,1,16,4000,0,0,60,2,1,8,5,android,1,32,292.42
xiaomi,11499,74,0,0,0,snapdragon,8,2.0,4,64,6000,1,18,60,4,1,48,8,android,1,512,394.67
samsung,59450,88,1,1,1,exynos,8,2.9,8,128,4800,1,25,120,3,1,64,10,android,0,0,392.81
poco,12799,76,0,0,0,snapdragon,8,2.3,4,64,5000,1,33,60,4,1,48,16,android,1,512,394.57
samsung,83000,88,0,1,1,exynos,8,2.7,8,128,4500,1,25,120,4,1,64,10,android,1,1024,523.74
realme,14490,80,0,0,0,snapdragon,8,2.3,6,64,4300,1,30,90,4,2,64,16,android,1,256,398.76
huawei,82990,85,1,1,0,kirin,8,2.9,8,256,4200,1,40,90,4,2,50,32,android,1,256,440.72
vivo,9490,64,0,0,0,snapdragon,8,2.0,3,32,5000,0,0,60,2,1,13,8,android,1,256,268.29
vivo,25000,78,0,0,0,snapdragon,8,2.0,8,128,3700,1,15,60,3,1,48,32,android,1,256,399.91
vivo,15000,65,0,0,0,snapdragon,8,2.0,4,64,4030,0,0,60,2,1,13,20,android,1,256,270.4
vivo,20990,70,0,0,0,helio,8,2.0,4,128,3315,0,0,60,2,1,16,25,android,1,256,400.45
samsung,34999,78,0,1,0,exynos,8,2.8,6,128,3500,1,5,60,2,1,12,8,android,1,512,530.92
realme,29999,80,1,0,0,snapdragon,8,3.0,8,128,5000,1,120,144,3,1,50,16,android,0,0,391.06
vivo,11999,67,1,0,0,dimensity,8,2.0,4,128,6000,1,15,60,2,1,13,5,android,0,0,269.51
samsung,12999,72,0,0,0,helio,8,2.3,4,128,5000,1,23,60,2,1,50,5,android,1,1024,269.93
xiaomi,28999,85,1,0,0,dimensity,8,3.1,8,128,5080,1,120,120,3,1,50,32,android,0,0,402.79
infinix,12999,77,0,0,1,helio,8,2.0,8,128,5000,1,18,60,2,1,50,8,android,1,1024,396.26
realme,28499,82,1,0,0,snapdragon,8,3.2,8,256,5000,1,80,120,3,1,64,16,android,0,0,397.55
apple,104999,83,1,1,0,bionic,6,3.2,6,512,4325,1,0,60,2,1,12,12,ios,0,0,456.77
apple,172999,77,1,1,0,bionic,6,3.2,6,1024,3200,1,0,120,3,1,48,12,ios,0,0,461.44
xiaomi,17990,79,1,0,0,snapdragon,8,2.0,6,128,5100,1,18,120,2,1,64,16,android,1,1024,392.14
xiaomi,13774,76,0,0,1,helio,8,2.2,6,128,5000,1,18,90,3,1,50,8,android,1,512,399.97
others,8999,64,0,0,1,unisoc,8,1.6,4,64,5050,0,0,60,2,1,13,5,android,1,0,269.1
oneplus,18990,75,1,1,0,dimensity,8,2.4,4,64,5000,1,33,90,2,1,48,16,android,1,1024,269.13
tecno,14999,77,0,1,0,helio,8,2.0,6,128,5000,1,18,90,3,1,48,32,android,0,0,387.03
realme,7999,61,0,0,0,tiger,8,1.8,3,32,5000,1,10,60,1,1,8,5,android,1,1024,269.93
xiaomi,39999,85,1,1,0,snapdragon,8,3.2,8,128,5000,1,120,144,3,1,108,20,android,0,0,445.84
oppo,11990,67,0,0,1,helio,8,2.3,3,64,5000,1,33,60,2,1,13,8,android,1,512,269.13
infinix,12999,77,0,0,0,helio,8,2.0,6,128,5000,1,33,60,3,1,50,16,android,1,512,392.81
samsung,54999,77,1,1,0,exynos,8,2.4,8,128,4500,1,43,60,4,1,64,32,android,0,0,404.89
samsung,24990,72,1,0,0,snapdragon,8,2.1,6,128,6000,1,16,60,3,1,64,32,android,1,1024,392.81
vivo,59999,88,1,0,0,dimensity,8,3.0,12,256,4500,1,80,120,3,1,50,32,android,0,0,388.17
poco,19999,72,1,0,0,snapdragon,8,2.3,6,128,5000,1,31,120,4,1,64,32,android,1,1024,394.57
infinix,16999,79,0,0,0,helio,8,2.0,8,128,5000,1,33,60,3,1,50,16,android,1,512,392.81
samsung,14999,60,0,0,0,exynos,8,2.3,4,64,6000,0,0,60,3,1,48,8,android,1,512,269.93
vivo,29990,76,1,0,0,snapdragon,8,2.2,8,128,4500,1,67,90,3,1,50,16,android,1,1024,409.8
xiaomi,13990,69,1,0,0,dimensity,8,2.2,4,128,5000,1,18,90,2,1,50,5,android,0,0,401.08
xiaomi,17999,81,0,0,1,helio,8,2.0,6,128,5000,1,67,120,4,1,108,16,android,1,1024,394.57
realme,11399,73,0,0,1,tiger,8,1.8,4,64,5000,1,18,60,3,1,50,8,android,1,1024,399.86
vivo,19990,79,1,0,0,dimensity,8,2.2,8,128,6000,1,18,60,2,1,50,8,android,0,0,401.08
vivo,15499,74,0,0,0,snapdragon,8,2.4,4,128,5000,1,18,90,3,1,50,8,android,1,1024,269.51
others,6999,69,0,0,0,tiger,4,2.0,3,32,4800,0,0,60,1,1,13,5,android,1,0,258.02
xiaomi,12499,77,0,0,0,snapdragon,8,2.3,4,128,5020,1,18,60,4,1,48,16,android,1,512,394.57
apple,91999,80,1,1,1,bionic,6,3.2,4,512,3240,1,0,60,2,1,12,12,ios,0,0,457.25
infinix,9690,71,0,0,0,helio,8,2.0,4,64,5000,0,0,90,3,1,50,8,android,1,256,398.96
realme,32990,85,1,1,0,snapdragon,8,3.2,8,128,4500,1,65,120,3,1,50,32,android,0,0,401.8
xiaomi,42990,87,1,1,0,snapdragon,8,3.0,8,128,4500,1,67,120,3,1,50,32,android,0,0,419.08
others,14999,69,0,0,1,snapdragon,4,1.3,2,16,2000,0,0,60,1,1,5,2,others,1,128,200.0
xiaomi,18699,82,0,0,0,snapdragon,8,2.3,8,128,4250,1,33,90,3,1,64,16,android,1,512,401.8
realme,10990,76,1,0,1,dimensity,8,2.2,4,128,5000,1,18,60,3,1,48,16,android,1,512,404.89
xiaomi,30990,85,1,0,0,snapdragon,8,2.8,8,128,4520,1,33,120,3,1,108,20,android,0,0,394.57
others,59999,89,1,1,1,snapdragon,8,2.8,16,512,5000,1,120,144,2,1,64,20,android,0,0,404.89
samsung,23999,83,0,1,0,exynos,8,2.7,6,128,7000,1,33,60,4,1,64,32,android,1,1024,392.22
realme,9999,69,1,0,0,dimensity,8,2.0,4,128,5000,1,18,60,3,1,13,8,android,0,0,269.93
apple,119900,80,1,1,0,bionic,6,3.1,6,256,3552,0,0,60,3,1,12,12,ios,0,0,457.25
xiaomi,9299,67,0,0,0,helio,8,2.0,4,128,5000,1,10,60,1,1,13,5,android,1,512,268.69
realme,12989,77,0,0,0,helio,8,2.0,6,64,4300,1,30,90,4,1,64,16,android,1,256,404.89
samsung,4999,61,0,0,0,helio,4,1.5,1,16,3000,0,0,60,1,1,8,5,android,1,256,310.54
oppo,29990,83,1,0,0,snapdragon,8,2.4,8,128,4300,1,65,60,4,1,64,32,android,0,0,409.3
oppo,12490,72,0,0,0,helio,8,2.3,6,128,4230,0,0,60,3,1,12,8,android,1,256,269.93
others,27999,75,0,1,0,snapdragon,8,2.0,4,128,3600,1,18,90,3,1,12,8,android,1,0,456.95
vivo,8199,63,0,0,0,helio,8,2.0,2,32,4030,0,0,60,1,1,13,5,android,1,256,270.4
huawei,21990,81,0,0,0,kirin,8,2.2,8,128,4200,1,40,60,4,1,48,16,android,1,256,402.69
vivo,20000,73,0,0,0,helio,8,2.0,4,128,5000,1,18,60,3,1,16,16,android,1,256,394.67
vivo,11990,74,0,0,0,snapdragon,8,2.0,6,64,5000,1,18,60,3,1,16,16,android,1,256,394.67
xiaomi,11989,75,0,0,0,helio,8,2.0,4,64,5020,1,22,60,4,1,48,13,android,1,512,394.67
xiaomi,11490,66,0,0,1,snapdragon,8,2.0,4,64,5000,1,18,60,2,1,12,8,android,1,512,270.4
motorola,11490,68,0,0,1,helio,8,2.0,4,64,4000,1,10,60,3,1,13,8,android,1,512,271.27
google,15999,67,0,1,0,snapdragon,8,2.0,4,64,3700,1,18,60,1,1,12,8,android,0,0,402.49
samsung,17990,69,0,0,0,exynos,8,2.2,4,64,3100,1,15,60,2,1,16,25,android,1,512,436.81
samsung,78990,86,1,1,0,exynos,8,2.7,8,256,4500,1,25,60,3,1,16,10,android,1,512,502.06
huawei,10949,66,0,0,0,kirin,8,2.4,4,64,3000,0,0,60,2,1,13,16,android,1,256,432.0
xiaomi,10300,65,0,0,0,snapdragon,8,2.0,4,64,4100,0,0,60,1,1,13,5,android,1,128,400.53
others,45999,88,1,0,0,dimensity,8,2.6,12,256,22000,1,33,120,3,1,108,32,android,1,1024,401.08
huawei,21990,63,0,0,0,kirin,8,2.0,4,64,5000,1,22,60,3,1,50,5,others,1,1024,269.1
iqoo,19990,76,1,0,0,snapdragon,8,2.2,8,128,5000,1,45,120,3,1,64,16,android,1,1024,396.21
vivo,32990,84,1,0,0,snapdragon,8,2.4,8,256,5000,1,80,120,3,1,64,32,android,1,0,394.57
poco,14499,77,0,0,0,helio,8,2.2,6,128,5000,1,18,90,3,1,50,8,android,1,512,399.97
others,41990,85,1,1,1,snapdragon,8,2.2,6,128,4200,1,33,90,2,1,50,16,android,1,1024,409.3
tecno,13990,67,0,0,0,helio,8,2.0,6,128,7000,0,0,90,2,1,16,8,android,1,512,257.26
vivo,10490,67,0,0,0,helio,8,2.3,3,64,5000,0,0,60,2,1,13,8,android,1,1024,269.51
huawei,29990,82,0,0,0,snapdragon,8,2.4,8,128,4000,1,66,120,3,1,50,60,others,0,0,394.57
huawei,22990,82,0,1,0,snapdragon,8,2.4,8,128,5000,1,40,90,4,1,50,8,others,1,1024,391.17
samsung,47990,80,1,0,0,dimensity,8,3.0,8,128,5000,1,28,60,3,1,48,16,android,0,0,392.81
infinix,19999,84,0,0,0,helio,8,2.0,8,128,4500,1,120,120,3,1,108,16,android,1,256,392.81
oneplus,29999,83,1,1,0,snapdragon,8,2.4,8,128,4500,1,80,120,3,1,50,32,android,0,0,411.0
realme,11879,74,0,0,0,tiger,8,1.8,4,128,5000,1,18,60,3,1,50,8,android,1,1024,399.86
oneplus,28990,84,1,1,0,dimensity,8,2.8,8,128,4500,1,150,120,3,1,50,16,android,0,0,394.44
iqoo,39990,85,1,0,0,snapdragon,8,2.9,12,256,4350,1,120,120,3,1,48,16,android,0,0,397.86
xiaomi,15999,78,1,0,0,dimensity,8,2.0,6,64,5000,1,33,90,3,1,64,16,android,1,512,403.65
oppo,22990,82,1,0,1,snapdragon,8,2.2,8,256,4500,1,33,60,2,1,48,16,android,1,512,409.3
others,149999,87,1,0,0,snapdragon,8,2.8,8,128,3360,0,0,60,3,1,64,32,others,1,256,333.33
tecno,11499,75,0,1,0,helio,8,2.0,4,128,5000,1,18,90,3,1,48,16,android,0,0,395.09
tecno,22999,84,0,0,0,helio,8,2.0,8,256,5000,1,44,120,4,2,50,48,android,0,0,392.81
tecno,7999,70,0,0,0,helio,8,2.3,4,64,5000,0,0,60,2,1,50,8,android,1,512,265.84
realme,31999,82,1,1,0,snapdragon,8,3.2,8,128,5000,1,65,120,3,1,64,16,android,0,0,397.55
others,30990,78,1,1,0,snapdragon,8,2.0,6,64,4500,1,30,60,3,1,12,8,android,1,0,456.95
realme,7999,64,0,0,0,helio,8,2.3,3,32,6000,0,0,60,3,1,13,5,android,1,256,269.1
tecno,10999,74,0,0,0,helio,8,2.0,4,64,7000,1,18,60,4,1,48,8,android,1,256,386.57
poco,14990,79,1,0,0,dimensity,8,2.2,6,128,5000,1,67,120,3,1,50,16,android,1,1024,394.57
motorola,14499,77,0,0,0,snapdragon,8,2.3,4,64,6000,1,20,120,3,1,64,16,android,1,256,396.26
oneplus,44999,86,1,1,0,snapdragon,8,2.8,8,128,4500,1,65,120,4,1,108,16,android,0,0,401.8
realme,17999,83,0,0,0,helio,8,2.0,8,128,5000,1,30,60,4,1,64,16,android,1,256,411.22
realme,19999,83,1,0,0,dimensity,8,2.4,8,128,5000,1,30,120,3,1,48,16,android,1,256,404.89
others,3999,69,0,0,0,unisoc,4,1.4,1,8,2400,0,0,60,1,1,5,2,android,0,0,195.93
samsung,101999,83,1,1,0,exynos,8,2.9,12,128,5000,1,25,120,4,1,108,40,android,0,0,516.04
oppo,38700,84,1,0,0,dimensity,8,2.6,8,128,4350,1,65,90,4,1,64,32,android,0,0,403.03
oneplus,19999,73,0,0,0,snapdragon,8,2.0,4,64,4500,1,65,60,4,1,48,13,android,1,256,417.75
samsung,10999,72,0,0,0,exynos,8,2.0,4,64,6000,1,15,90,4,1,48,8,android,1,1024,269.93
oneplus,16990,68,0,0,0,snapdragon,8,1.8,4,64,5000,1,18,90,3,1,13,8,android,1,256,269.1
apple,55999,75,1,1,0,bionic,6,3.1,4,256,3512,0,0,60,2,1,12,12,ios,0,0,477.26
apple,67999,76,1,1,0,bionic,6,3.1,4,256,3492,0,0,60,2,1,12,12,ios,0,0,457.25
oppo,9999,66,0,0,0,helio,8,2.3,3,32,4230,0,0,60,3,1,13,5,android,1,256,269.1
xiaomi,14439,77,0,0,0,snapdragon,8,2.3,4,128,5020,1,18,60,4,1,48,16,android,1,512,394.57
oppo,9990,64,0,0,1,helio,8,1.8,3,32,4230,0,0,60,2,1,13,5,android,1,256,270.4
realme,24999,85,1,1,0,snapdragon,8,2.8,8,128,4200,1,65,90,4,2,64,32,android,0,0,408.67
samsung,85990,82,1,1,0,exynos,8,2.7,8,128,4500,1,25,60,4,1,64,10,android,1,1024,523.74
xiaomi,16999,78,0,0,0,helio,8,2.0,6,64,4500,1,18,60,4,1,64,20,android,1,512,394.67
realme,8999,67,0,0,1,helio,8,2.1,2,16,4000,0,0,60,2,1,13,8,android,1,256,271.27
oppo,15990,62,0,0,0,helio,8,2.5,3,32,3200,0,0,60,1,1,13,16,android,1,0,402.49
others,3890,69,0,0,0,snapdragon,8,1.5,3,32,2500,0,0,60,1,1,13,13,android,1,64,440.58
apple,84990,75,1,1,0,bionic,6,3.1,8,128,4532,1,30,120,2,1,12,12,ios,0,0,456.09
vivo,21999,78,1,1,0,dimensity,8,2.2,4,128,5000,1,18,60,3,1,50,8,android,1,1024,401.08
others,8999,66,0,0,0,helio,8,2.3,4,64,5000,0,0,60,3,1,13,8,android,1,256,269.93
tecno,20999,79,1,1,0,dimensity,8,2.2,6,128,5000,1,33,120,3,1,50,16,android,0,0,393.36
oppo,32990,84,1,1,0,dimensity,8,3.0,8,128,4500,1,80,90,3,1,50,32,android,0,0,409.3
motorola,9022,70,0,0,0,helio,8,2.3,4,64,5000,1,10,90,2,1,16,8,android,1,128,269.93
xiaomi,8399,61,0,0,0,helio,4,2.0,3,32,5000,1,10,60,2,1,8,5,android,1,512,269.1
infinix,9999,64,0,0,0,helio,8,2.0,3,64,5000,0,0,60,2,1,13,8,android,1,512,267.5
tecno,8390,63,0,0,0,helio,8,2.3,3,64,5000,0,0,90,2,1,13,8,android,1,256,265.84
others,19999,82,1,1,0,snapdragon,8,3.2,6,128,4200,1,55,120,4,1,50,16,android,1,0,389.37
others,13999,71,0,0,0,helio,8,2.0,4,64,5000,1,10,60,3,1,50,5,android,1,1024,269.93
xiaomi,29999,85,1,1,0,snapdragon,8,2.4,8,128,4500,1,67,120,3,2,50,32,android,0,0,401.8
others,8990,60,0,0,1,helio,8,2.0,3,32,3000,1,10,60,1,1,13,5,android,1,128,268.33
samsung,163980,82,1,1,0,snapdragon,8,3.2,12,1024,4400,1,25,120,3,2,50,10,android,0,0,372.59
others,24990,80,1,1,0,snapdragon,8,2.5,6,128,5000,1,33,120,2,1,50,16,android,0,0,401.8
motorola,59990,86,1,1,0,snapdragon,8,3.2,8,128,4450,1,125,144,3,1,200,60,android,0,0,386.39
oneplus,47990,86,1,1,0,snapdragon,8,3.2,12,256,4800,1,150,120,3,1,50,16,android,0,0,394.44
realme,40990,86,1,1,0,snapdragon,8,3.2,8,128,5000,1,100,120,3,1,50,16,android,0,0,394.44
samsung,22999,74,0,1,0,exynos,8,2.1,8,128,6000,1,16,60,3,1,64,32,android,1,1024,404.89
samsung,12990,63,0,0,0,snapdragon,8,1.9,4,64,5000,1,18,60,2,1,48,5,android,1,1024,264.33
infinix,14999,79,0,0,0,helio,8,2.0,8,128,5000,1,33,60,3,1,50,16,android,1,512,392.81
poco,42999,86,1,1,0,dimensity,8,3.0,8,128,4500,1,150,120,3,1,64,20,android,0,0,396.21
iqoo,14999,78,1,0,1,snapdragon,8,2.2,4,128,5000,1,18,120,3,1,50,16,android,1,1024,401.63
vivo,22990,83,0,0,0,snapdragon,8,2.4,8,128,5000,1,44,120,3,1,50,16,android,1,1024,408.67
vivo,118990,84,1,1,0,snapdragon,8,3.0,12,512,4600,1,66,120,4,1,50,16,android,0,0,359.57
oppo,29990,81,1,0,0,snapdragon,8,2.8,8,128,5000,1,80,120,3,1,50,16,android,0,0,397.55
tecno,7399,62,0,0,0,unisoc,8,2.0,3,64,5000,0,0,90,2,1,13,8,android,1,256,267.5
iqoo,17999,80,1,0,0,snapdragon,8,2.2,8,128,4200,1,55,120,3,1,50,16,android,0,0,394.57
infinix,12799,77,0,0,0,helio,8,2.0,6,128,5000,1,33,60,3,1,50,16,android,1,512,392.81
xiaomi,26999,86,1,0,0,dimensity,8,2.5,8,128,4500,1,120,120,3,1,108,16,android,1,1024,394.57
samsung,22999,82,1,0,1,dimensity,8,2.2,8,128,5000,1,15,90,3,1,64,8,android,1,1024,399.86
apple,147900,84,1,1,0,bionic,6,3.2,6,1024,3095,1,0,120,3,1,12,12,ios,0,0,457.25
others,44999,84,1,1,0,snapdragon,8,2.9,8,128,5050,1,30,165,3,1,64,8,android,0,0,387.03
others,7790,68,0,0,0,unisoc,8,1.8,6,64,5000,0,0,60,2,1,13,5,android,1,256,269.1
others,39990,87,1,0,0,snapdragon,8,3.2,6,128,6000,1,33,144,4,1,200,16,others,1,512,404.27
vivo,9999,65,0,0,0,snapdragon,8,2.0,3,32,5000,0,0,60,2,1,13,8,android,1,1024,269.51
oppo,22990,80,1,0,0,snapdragon,8,2.4,6,128,4000,1,18,90,4,1,64,16,android,1,1024,404.89
poco,32999,79,1,0,0,dimensity,8,3.0,6,128,5065,1,67,120,3,1,64,16,android,0,0,394.57
others,32990,85,1,1,1,snapdragon,8,2.4,6,128,4300,1,66,120,4,1,108,32,android,0,0,392.27
oppo,14999,74,0,0,0,helio,8,2.3,6,128,5000,1,9,60,3,1,13,16,android,1,256,269.51
realme,12499,74,0,0,0,helio,8,2.0,4,64,5000,1,18,120,3,1,50,16,android,1,256,400.42
iqoo,39990,84,1,1,0,snapdragon,8,2.8,8,128,4000,1,66,120,3,1,48,16,android,0,0,397.55
realme,6499,61,0,0,0,unisoc,8,1.6,2,32,5000,0,0,60,1,1,8,5,android,1,256,269.1
samsung,18499,76,0,0,0,helio,8,2.0,6,128,5000,1,15,60,4,1,48,13,android,1,1024,274.15
realme,30994,85,1,1,0,snapdragon,8,2.8,8,128,4500,1,65,120,3,1,64,16,android,0,0,409.3
google,32999,78,1,1,0,snapdragon,8,2.4,6,128,4620,1,18,60,2,1,16,8,android,0,0,415.11
samsung,10499,73,0,0,0,exynos,8,2.0,4,64,6000,1,15,90,4,1,48,8,android,1,512,269.93
samsung,19999,82,0,0,0,exynos,8,2.3,6,128,6000,1,15,60,3,1,64,32,android,1,512,402.69
samsung,17499,75,0,0,0,exynos,8,2.0,6,128,5000,0,0,60,4,1,48,13,android,1,512,269.93
xiaomi,10990,69,0,0,0,helio,8,2.0,6,128,5000,0,0,60,1,1,13,5,android,1,512,268.69
vivo,19000,82,0,0,0,snapdragon,8,2.0,8,128,4100,1,33,60,3,1,48,32,android,1,512,408.67
oppo,13990,70,0,0,0,snapdragon,8,1.8,6,128,5000,1,18,90,3,1,13,16,android,1,256,269.93
realme,10499,72,0,0,0,helio,8,2.0,4,64,6000,1,18,60,3,1,48,8,android,1,256,269.93
others,5890,64,0,0,0,unisoc,8,1.6,3,32,4000,0,0,60,2,1,8,5,android,1,128,276.17
realme,6490,61,0,0,0,helio,8,2.3,2,32,5000,0,0,60,2,1,13,5,android,1,256,269.93
xiaomi,54999,88,1,1,0,snapdragon,8,2.8,8,256,4780,1,30,90,4,1,108,20,android,0,0,386.39
vivo,9990,65,0,0,1,snapdragon,8,1.8,4,64,5000,0,0,60,2,1,13,13,android,1,256,262.1
oneplus,24999,79,0,0,0,snapdragon,8,2.4,8,128,4300,1,30,90,3,1,64,16,android,0,0,401.8
others,59990,88,0,1,0,snapdragon,8,2.8,12,256,3730,1,21,60,3,1,48,16,android,1,1024,535.37
samsung,9990,63,0,0,0,snapdragon,8,1.8,2,32,4000,1,15,60,3,1,13,8,android,1,512,268.46
realme,6999,67,0,0,0,helio,8,2.0,2,16,4000,0,0,60,2,1,13,5,android,1,256,281.66
huawei,169000,87,1,1,0,kirin,8,2.9,8,512,4500,1,55,60,4,1,48,0,others,1,256,414.4
samsung,39990,78,0,1,1,snapdragon,8,2.2,6,128,3400,1,0,60,3,1,24,24,android,1,512,402.69
samsung,21490,70,0,0,0,exynos,8,2.2,4,64,3300,0,0,60,3,1,24,24,android,1,512,411.46
vivo,13490,69,0,0,0,snapdragon,4,1.2,3,16,2730,0,0,60,1,1,13,5,android,1,0,282.42
poco,7999,70,0,0,0,helio,8,2.0,4,64,5000,0,0,60,2,1,50,5,android,1,512,268.29
others,8990,67,1,1,0,helio,8,2.3,4,64,5180,1,10,60,2,1,13,8,android,1,0,281.66
others,13999,75,0,0,0,helio,8,2.3,6,128,5000,1,22,90,4,1,50,8,android,1,512,259.93
oppo,13990,72,1,0,0,dimensity,8,2.2,6,128,5000,1,10,90,2,1,13,8,android,1,1024,269.13
others,14999,84,0,1,0,helio,8,2.0,8,128,6000,1,33,60,3,1,108,32,android,1,1024,409.08
others,6999,67,0,0,0,helio,4,2.0,3,32,4000,0,0,60,2,1,8,5,android,1,512,269.93
motorola,42990,87,1,1,0,snapdragon,8,3.2,8,128,4500,1,67,144,3,1,50,32,android,0,0,394.57
others,6799,61,0,0,0,others,4,1.3,4,64,5000,0,0,60,1,1,20,13,android,1,64,251.93
others,25899,72,0,1,0,helio,8,2.0,6,128,8000,0,0,60,3,1,16,8,android,1,0,287.01
xiaomi,54999,89,1,1,0,snapdragon,8,3.2,12,256,5000,1,67,120,3,1,50,32,android,0,0,545.73
motorola,49990,89,1,1,1,snapdragon,8,3.2,8,128,5000,1,67,144,3,2,50,32,android,0,0,398.76
xiaomi,32990,86,1,1,0,dimensity,8,3.1,8,256,5000,1,80,120,3,2,64,32,android,0,0,392.81
realme,8720,64,0,0,1,tiger,8,1.8,4,64,5000,1,10,60,1,1,8,5,android,1,1024,269.93
oppo,69990,89,1,1,0,snapdragon,8,3.2,8,256,4700,1,120,120,3,1,50,32,android,0,0,391.06
others,4787,64,0,0,0,unisoc,4,1.4,2,32,3020,0,0,60,1,1,2,0,android,0,0,195.93
google,70990,80,1,1,0,tensor,8,2.8,12,256,5000,1,67,120,3,1,50,12,android,0,0,510.59
vivo,119990,86,1,1,0,snapdragon,8,3.2,12,256,4800,1,66,120,3,1,50,32,android,0,0,359.57
motorola,34990,83,1,0,0,snapdragon,8,3.0,8,128,5000,1,67,120,3,1,64,16,android,0,0,402.79
others,14990,75,1,0,0,snapdragon,8,2.2,6,128,5000,1,22,60,3,1,48,8,android,1,1024,269.93
poco,28990,85,1,1,0,dimensity,8,2.8,8,256,5080,1,67,144,3,1,64,16,android,0,0,407.07
motorola,19990,80,1,1,1,snapdragon,8,2.2,6,128,5000,1,38,60,3,1,108,32,android,1,1024,387.03
samsung,24990,74,1,0,0,snapdragon,8,2.2,8,128,5000,1,26,60,3,1,64,32,android,1,1024,404.89
